LETTURE CONTATORI DI REPARTO - MAGGIO 2026 - fornitore: Veneta Energia S.p.A. (F0081) - a cura L.Trentin;;;;;;;;;
Data;Centro_costo;kWh_F1;kWh_F2;kWh_F3;kWh_tot;m3_metano;Costo_unit_EUR;Costo_tot_EUR;Note
01/05/26;FORNI FT-01/FT-02;89;64;41;194;178;0,182;35,37;
01/05/26;CELLA FRIGO CF-01;102;73;47;222;;0,182;40,39;
01/05/26;CELLA SURGELATI CF-02;203;145;93;441;;0,182;80,19;
01/05/26;COMPRESSORI ARIA;33;24;15;73;;0,182;13,20;
2026-05-01;CIP-01 / LAVAGGI;10;7;5;22;;0,182;4,00;
01/05/26;UFFICI/SERVIZI;8;6;4;18;;0,182;3,28;
02/05/26;FORNI FT-01/FT-02;684;490;312;1.486;929;0,182;270,50;
02/05/26;CELLA FRIGO CF-01;101;73;46;220;;0,182;40,11;
02/05/26;CELLA SURGELATI CF-02;191;137;87;415;;0,182;75,52;
02/05/26;COMPRESSORI ARIA;146;105;67;318;;0,182;57,83;
02/05/26;CIP-01 / LAVAGGI;69;49;31;149;;0,182;27,15;
02/05/26;UFFICI/SERVIZI;57;41;26;124;;0,182;22,58;
03/05/26;FORNI FT-01/FT-02;689;494;315;1.498;1012;0,182;272,65;
2026-05-03;CELLA FRIGO CF-01;103;74;47;224;;0,182;40,82;
03/05/26;CELLA SURGELATI CF-02;178;128;81;388;;0,182;70,58;
03/05/26;COMPRESSORI ARIA;168;120;76;364;;0,182;66,30;
03/05/26;CIP-01 / LAVAGGI;73;53;33;159;;0,182;29,00;
03/05/26;UFFICI/SERVIZI;51;36;23;110;;0,182;20,11;
04/05/26;FORNI FT-01/FT-02;696;500;318;1.513;953;0,182;275,52;
04/05/26;CELLA FRIGO CF-01;100;72;46;217;;0,182;39,54;
04/05/26;CELLA SURGELATI CF-02;195;140;89;424;;0,182;77,11;
04/05/26;COMPRESSORI ARIA;144;104;66;314;;0,182;57,10;
2026-05-04;CIP-01 / LAVAGGI;66;47;30;144;;0,182;26,15;
04/05/26;UFFICI/SERVIZI;55;40;25;120;;0,182;21,84;
05/05/26;FORNI FT-01/FT-02;639;458;292;1.388;1051;0,182;252,76;
05/05/26;CELLA FRIGO CF-01;91;66;42;199;;0,182;36,16;
05/05/26;CELLA SURGELATI CF-02;182;131;83;396;;0,182;72,14;
05/05/26;COMPRESSORI ARIA;167;120;76;362;;0,182;65,92;
05/05/26;CIP-01 / LAVAGGI;65;47;30;142;;0,182;25,78;
05/05/26;UFFICI/SERVIZI;53;38;24;116;;0,182;21,06;
06/05/26;FORNI FT-01/FT-02;649;465;296;1.410;1007;0,182;256,69;
2026-05-06;CELLA FRIGO CF-01;97;69;44;210;;0,182;38,26;
06/05/26;CELLA SURGELATI CF-02;205;147;94;445;;0,182;81,08;
06/05/26;COMPRESSORI ARIA;162;116;74;353;;0,182;64,25;
06/05/26;CIP-01 / LAVAGGI;65;47;30;142;;0,182;25,83;
06/05/26;UFFICI/SERVIZI;52;37;24;112;;0,182;20,45;
07/05/26;FORNI FT-01/FT-02;666;478;304;1.448;911;0,182;263,64;
07/05/26;CELLA FRIGO CF-01;99;71;45;214;;0,182;38,97;
07/05/26;CELLA SURGELATI CF-02;181;130;83;394;;0,182;71,74;
07/05/26;COMPRESSORI ARIA;147;105;67;319;;0,182;58,12;
2026-05-07;CIP-01 / LAVAGGI;70;50;32;152;;0,182;27,60;
07/05/26;UFFICI/SERVIZI;53;38;24;115;;0,182;21,02;
08/05/26;FORNI FT-01/FT-02;631;453;288;1.372;878;0,182;249,81;
08/05/26;CELLA FRIGO CF-01;97;70;44;211;;0,182;38,33;
08/05/26;CELLA SURGELATI CF-02;266;191;121;578;;0,182;105,29;assorbimento in salita da stanotte?
08/05/26;COMPRESSORI ARIA;157;112;72;341;;0,182;62,02;
08/05/26;CIP-01 / LAVAGGI;66;47;30;143;;0,182;26,04;
08/05/26;UFFICI/SERVIZI;57;41;26;125;;0,182;22,72;
09/05/26;FORNI FT-01/FT-02;694;498;317;1.509;1001;0,182;274,64;
2026-05-09;CELLA FRIGO CF-01;90;64;41;195;;0,182;35,49;
09/05/26;CELLA SURGELATI CF-02;274;197;125;596;;0,182;108,43;
09/05/26;COMPRESSORI ARIA;163;117;75;355;;0,182;64,67;
09/05/26;CIP-01 / LAVAGGI;70;50;32;153;;0,182;27,77;
09/05/26;UFFICI/SERVIZI;53;38;24;115;;0,182;20,99;
10/05/26;FORNI FT-01/FT-02;683;490;312;1.484;901;0,182;270,09;fermo confezionatrice pomeriggio ma forni rimasti in temperatura (spreco)
10/05/26;CELLA FRIGO CF-01;100;72;46;218;;0,182;39,60;
10/05/26;CELLA SURGELATI CF-02;285;204;130;620;;0,182;112,78;
10/05/26;COMPRESSORI ARIA;155;111;71;337;;0,182;61,25;
2026-05-10;CIP-01 / LAVAGGI;74;53;34;160;;0,182;29,09;
10/05/26;UFFICI/SERVIZI;58;42;27;126;;0,182;22,99;
SUBTOT decade;;;;;;;;#RIF!;(formula rotta, rifare)
11/05/26;FORNI FT-01/FT-02;640;459;292;1.391;984;0,182;253,34;
11/05/26;CELLA FRIGO CF-01;97;70;44;211;;0,182;38,36;
11/05/26;CELLA SURGELATI CF-02;264;189;121;574;;0,182;104,49;
11/05/26;COMPRESSORI ARIA;154;110;70;334;;0,182;60,85;
11/05/26;CIP-01 / LAVAGGI;66;48;30;144;;0,182;26,29;
11/05/26;UFFICI/SERVIZI;52;38;24;114;;0,182;20,71;
12/05/26;FORNI FT-01/FT-02;624;447;285;1.355;976;0,182;246,74;
2026-05-12;CELLA FRIGO CF-01;95;68;43;206;;0,182;37,52;
12/05/26;CELLA SURGELATI CF-02;270;194;123;588;;0,182;107,01;compressore CF-02 spunti anomali - vedi manutenzione (OdL-26-0175)
12/05/26;COMPRESSORI ARIA;162;116;74;351;;0,182;63,91;
12/05/26;CIP-01 / LAVAGGI;69;49;31;149;;0,182;27,16;
12/05/26;UFFICI/SERVIZI;57;41;26;123;;0,182;22,36;
13/05/26;FORNI FT-01/FT-02;643;461;294;1.397;951;0,182;254,41;
13/05/26;CELLA FRIGO CF-01;98;71;45;214;;0,182;38,91;
13/05/26;CELLA SURGELATI CF-02;297;213;135;645;;0,182;117,37;
13/05/26;COMPRESSORI ARIA;160;115;73;347;;0,182;63,20;
2026-05-13;CIP-01 / LAVAGGI;71;51;32;154;;0,182;27,96;
13/05/26;UFFICI/SERVIZI;52;37;24;112;;0,182;20,45;
14/05/26;FORNI FT-01/FT-02;691;496;316;1.502;868;0,182;273,51;
14/05/26;CELLA FRIGO CF-01;102;73;47;222;;0,182;40,32;
14/05/26;CELLA SURGELATI CF-02;292;209;133;634;;0,182;115,37;
14/05/26;COMPRESSORI ARIA;165;118;75;358;;0,182;65,13;
14/05/26;CIP-01 / LAVAGGI;67;48;31;146;;0,182;26,54;
14/05/26;UFFICI/SERVIZI;51;37;23;111;;0,182;20,23;
15/05/26;FORNI FT-01/FT-02;716;514;327;1.557;890;0,182;283,38;
2026-05-15;CELLA FRIGO CF-01;99;71;45;216;;0,182;39,32;
15/05/26;CELLA SURGELATI CF-02;299;215;137;650;;0,182;118,36;
15/05/26;COMPRESSORI ARIA;144;103;66;314;;0,182;57,07;
15/05/26;CIP-01 / LAVAGGI;72;52;33;156;;0,182;28,46;
15/05/26;UFFICI/SERVIZI;54;39;25;118;;0,182;21,43;
16/05/26;FORNI FT-01/FT-02;681;488;311;1.479;894;0,182;269,33;
16/05/26;CELLA FRIGO CF-01;104;74;47;225;;0,182;40,97;
16/05/26;CELLA SURGELATI CF-02;301;216;138;655;;0,182;119,17;ghiaccio su evaporatore CF-02 - sbrinamento manuale Bissoli
16/05/26;COMPRESSORI ARIA;154;111;70;335;;0,182;60,98;
2026-05-16;CIP-01 / LAVAGGI;64;46;29;140;;0,182;25,41;
16/05/26;UFFICI/SERVIZI;54;39;25;118;;0,182;21,43;
Data;Centro_costo;kWh_F1;kWh_F2;kWh_F3;kWh_tot;m3_metano;Costo_unit_EUR;Costo_tot_EUR;Note
17/05/26;FORNI FT-01/FT-02;668;479;305;1.453;892;0,182;264,45;
17/05/26;CELLA FRIGO CF-01;93;67;43;203;;0,182;36,97;
17/05/26;CELLA SURGELATI CF-02;263;189;120;571;;0,182;103,97;
17/05/26;COMPRESSORI ARIA;144;103;66;313;;0,182;57,04;
17/05/26;CIP-01 / LAVAGGI;73;53;34;160;;0,182;29,06;
17/05/26;UFFICI/SERVIZI;51;37;24;112;;0,182;20,37;
18/05/26;FORNI FT-01/FT-02;683;490;312;1.485;1053;0,182;270,34;
2026-05-18;CELLA FRIGO CF-01;100;72;46;217;;0,182;39,50;
18/05/26;CELLA SURGELATI CF-02;275;197;126;598;;0,182;108,81;
18/05/26;COMPRESSORI ARIA;149;107;68;324;;0,182;58,94;
18/05/26;CIP-01 / LAVAGGI;73;52;33;159;;0,182;28,92;
18/05/26;UFFICI/SERVIZI;55;39;25;119;;0,182;21,75;
19/05/26;FORNI FT-01/FT-02;621;446;284;1.350;973;0,182;245,86;
19/05/26;CELLA FRIGO CF-01;101;72;46;219;;0,182;39,80;
19/05/26;CELLA SURGELATI CF-02;287;206;131;625;;0,182;113,74;
19/05/26;COMPRESSORI ARIA;167;120;76;364;;0,182;66,26;
2026-05-19;CIP-01 / LAVAGGI;74;53;34;161;;0,182;29,38;
19/05/26;UFFICI/SERVIZI;57;41;26;124;;0,182;22,66;
20/05/26;FORNI FT-01/FT-02;688;494;314;1.495;927;0,182;272,23;
20/05/26;CELLA FRIGO CF-01;92;66;42;200;;0,182;36,39;
20/05/26;CELLA SURGELATI CF-02;276;198;126;601;;0,182;109,31;
20/05/26;COMPRESSORI ARIA;167;120;76;362;;0,182;65,94;
20/05/26;CIP-01 / LAVAGGI;66;47;30;144;;0,182;26,14;
20/05/26;UFFICI/SERVIZI;53;38;24;114;;0,182;20,78;
SUBTOT decade;;;;;;;;#RIF!;(formula rotta, rifare)
21/05/26;FORNI FT-01/FT-02;679;487;310;1.476;973;0,182;268,68;
2026-05-21;CELLA FRIGO CF-01;95;68;44;207;;0,182;37,71;
21/05/26;CELLA SURGELATI CF-02;266;191;122;579;;0,182;105,40;
21/05/26;COMPRESSORI ARIA;146;105;67;317;;0,182;57,77;
21/05/26;CIP-01 / LAVAGGI;69;50;32;150;;0,182;27,33;
21/05/26;UFFICI/SERVIZI;57;41;26;124;;0,182;22,59;
22/05/26;FORNI FT-01/FT-02;668;479;305;1.451;1021;0,182;264,22;
22/05/26;CELLA FRIGO CF-01;102;73;47;222;;0,182;40,32;
22/05/26;CELLA SURGELATI CF-02;273;196;125;593;;0,182;107,94;
22/05/26;COMPRESSORI ARIA;162;116;74;352;;0,182;63,98;
2026-05-22;CIP-01 / LAVAGGI;72;52;33;156;;0,182;28,43;
22/05/26;UFFICI/SERVIZI;53;38;24;115;;0,182;21,00;
23/05/26;FORNI FT-01/FT-02;686;492;313;1.491;1053;0,182;271,49;
23/05/26;CELLA FRIGO CF-01;96;69;44;209;;0,182;38,07;
23/05/26;CELLA SURGELATI CF-02;262;188;119;569;;0,182;103,50;
23/05/26;COMPRESSORI ARIA;147;105;67;319;;0,182;58,10;
23/05/26;CIP-01 / LAVAGGI;72;52;33;157;;0,182;28,55;
23/05/26;UFFICI/SERVIZI;54;39;25;118;;0,182;21,46;
24/05/26;FORNI FT-01/FT-02;123;88;56;268;183;0,182;48,76;
2026-05-24;CELLA FRIGO CF-01;97;70;44;212;;0,182;38,56;
24/05/26;CELLA SURGELATI CF-02;263;189;120;571;;0,182;104,01;intervento tampone Dal Maso - migliora ma non torna a posto
24/05/26;COMPRESSORI ARIA;27;19;12;58;;0,182;10,54;
24/05/26;CIP-01 / LAVAGGI;12;9;6;27;;0,182;4,91;
24/05/26;UFFICI/SERVIZI;11;8;5;25;;0,182;4,52;
25/05/26;FORNI FT-01/FT-02;637;457;291;1.384;1011;0,182;251,95;
25/05/26;CELLA FRIGO CF-01;95;68;43;205;;0,182;37,40;
25/05/26;CELLA SURGELATI CF-02;239;171;109;520;;0,182;94,58;
25/05/26;COMPRESSORI ARIA;160;115;73;349;;0,182;63,49;
2026-05-25;CIP-01 / LAVAGGI;64;46;29;140;;0,182;25,39;
25/05/26;UFFICI/SERVIZI;58;41;26;125;;0,182;22,77;
26/05/26;FORNI FT-01/FT-02;684;491;312;1.486;944;0,182;270,55;
26/05/26;CELLA FRIGO CF-01;104;75;47;226;;0,182;41,12;
26/05/26;CELLA SURGELATI CF-02;237;170;108;516;;0,182;93,87;
26/05/26;COMPRESSORI ARIA;165;118;75;359;;0,182;65,31;
26/05/26;CIP-01 / LAVAGGI;73;52;33;158;;0,182;28,79;
26/05/26;UFFICI/SERVIZI;58;42;27;127;;0,182;23,07;
27/05/26;FORNI FT-01/FT-02;640;459;292;1.391;962;0,182;253,31;
2026-05-27;CELLA FRIGO CF-01;104;75;48;227;;0,182;41,26;
27/05/26;CELLA SURGELATI CF-02;233;167;106;506;;0,182;92,15;
27/05/26;COMPRESSORI ARIA;145;104;66;315;;0,182;57,26;
27/05/26;CIP-01 / LAVAGGI;68;49;31;148;;0,182;26,94;
27/05/26;UFFICI/SERVIZI;53;38;24;116;;0,182;21,05;
28/05/26;FORNI FT-01/FT-02;622;446;284;1.352;987;0,182;246,22;
28/05/26;CELLA FRIGO CF-01;104;74;47;225;;0,182;41,02;
28/05/26;CELLA SURGELATI CF-02;236;169;108;513;;0,182;93,30;
28/05/26;COMPRESSORI ARIA;144;103;66;313;;0,182;56,95;
2026-05-28;CIP-01 / LAVAGGI;67;48;31;146;;0,182;26,56;
28/05/26;UFFICI/SERVIZI;58;42;26;126;;0,182;22,93;
29/05/26;FORNI FT-01/FT-02;628;450;287;1.365;974;0,182;248,44;
29/05/26;CELLA FRIGO CF-01;102;73;47;222;;0,182;40,34;
29/05/26;CELLA SURGELATI CF-02;241;173;110;523;;0,182;95,16;
29/05/26;COMPRESSORI ARIA;146;105;67;318;;0,182;57,93;
29/05/26;CIP-01 / LAVAGGI;69;49;31;149;;0,182;27,12;
29/05/26;UFFICI/SERVIZI;58;42;26;126;;0,182;22,92;
30/05/26;FORNI FT-01/FT-02;707;507;323;1.537;1017;0,182;279,83;
2026-05-30;CELLA FRIGO CF-01;90;65;41;196;;0,182;35,70;
30/05/26;CELLA SURGELATI CF-02;231;166;106;502;;0,182;91,44;
30/05/26;COMPRESSORI ARIA;155;111;71;337;;0,182;61,38;
30/05/26;CIP-01 / LAVAGGI;69;49;31;150;;0,182;27,24;
30/05/26;UFFICI/SERVIZI;54;38;24;117;;0,182;21,21;
31/05/26;FORNI FT-01/FT-02;124;89;57;270;182;0,182;49,09;
31/05/26;CELLA FRIGO CF-01;103;74;47;224;;0,182;40,81;
31/05/26;CELLA SURGELATI CF-02;235;168;107;510;;0,182;92,79;
31/05/26;COMPRESSORI ARIA;20;14;9;43;;0,182;7,78;
2026-05-31;CIP-01 / LAVAGGI;15;11;7;32;;0,182;5,87;
31/05/26;UFFICI/SERVIZI;11;8;5;25;;0,182;4,54;
;;;;;;;;;
CONFRONTO MAGGIO 2025 (da fatture Veneta Energia F0081);;;;;;;;;
Centro_costo;kWh_mag25;kWh_mag26;delta_%;;;;;;
FORNI FT-01/FT-02;38629;41252;+6,8;(piu' ore x promo Tosano, torna);;;;;
CELLA FRIGO CF-01;5425;6638;+22,3;;;;;;
CELLA SURGELATI CF-02;11183;16739;+49,7;ANOMALIA - aprire OdL, non e' il caldo (mag25 simile);;;;;
COMPRESSORI ARIA;8671;9618;+10,9;;;;;;
CIP-01 / LAVAGGI;4017;4290;+6,8;;;;;;
UFFICI/SERVIZI;3019;3391;+12,3;;;;;;
;;;;;;;;;
(Trentin) letture del 4 e 5/05 stimate, contatore CIP illeggibile - conguaglio in fattura. NON usare x budget senza sentirmi;;;;;;;;;
