Data;Ora;Nome;Cognome;Azienda;Paese;Città;Ruolo;Email;Telefono;Canale;Referenze_interesse;Campioni_richiesti;Volume_stimato_annuo;Lingua;Priorità;Follow_up_entro;Assegnato_a;Note
05/05/2026;10:15;Markus;WEBER;Frischwaren Weber GmbH;DE;Stuttgart;Purchasing Manager;m.weber@frischwaren-weber.de;+49 711 448812;Distributore;AF-CR-0212, AF-CR-0215;croissant burro surgelato x2 formati;12 pallet/mese;EN;Alta;15/05/2026;Silvia Bertoldi;interessato a private label croissant, chiede listino EXW e DDP Stuttgart. Sembra serio, ha già fornitore italiano ma insoddisfatto per qualità sfoglia
05/05/2026;10:40;laura;bianchetti;Supermercati Bianchetti;IT;Brescia;Titolare;laura.bianchetti@libero.it;3384421785;GDO;AF-FC-0330;focaccina EVO;2 pallet/mese;IT;Media;20/05/26;Paolo Zampieri;3 punti vendita, vuole solo marchio Aurora non PL
05/05/2026;11:05;JEAN-PIERRE;Moreau;Distrib. Moreau et Fils;FR;Lyon;Directeur Achats;jp.moreau@moreau-fils.fr;+33 4 72 88 41 20;Importatore;AF-SN-0450, AF-SN-0455;snack rustico multicereali;;FR/EN;Alta;2026-05-15;Silvia Bertoldi;parla poco inglese, meglio scrivere. Vuole certificato BRC in francese?? verificare con Marchetti
05/05/2026;11:30;Sofia;van den Berg;Bakkerij Van Dijk BV;NL;Utrecht;Category buyer;s.vandenberg@vandijk.nl;+31 30 2914456;GDO;AF-CR-0212;cornetto premium;6 pallet/mese;EN;Alta;15-mag-26;Silvia Bertoldi;chain di 40 negozi, ask for organic range too - dato depliant linea bio
05/05/2026;11:45;Ahmed;Al Rashid;Al Maya Group;AE;Dubai;Import Manager;a.alrashid@almaya.ae;+971 4 3347788;GDO;AF-SN-0450, AF-CR-0212;full range;container 40ft/mese;EN;Alta;12/05/2026;Silvia Bertoldi;ask for halal certification!! senza quella non parte niente. Shelf life minima 9 mesi per il surgelato
05/05/2026;12:10;Piotr;KOWALCZYK;Delikatesy Centrum Sp. z o.o.;PL;Kraków;Buyer;p.kowalczyk@delikatesy.pl;+48 12 4457821;GDO;AF-SN-0455;formato promo 3+1;;EN;Media;20/05/2026;Paolo Zampieri;chiede prezzo sotto 0,85€/pz, secondo me irrealistico ma sentiamo Fantin sui costi
05/05/2026;12:30;Giulia;Ferraresi;Ferraresi Catering;IT;Ferrara;Resp. acquisti;giulia.ferraresi@gmial.com;0532 884471;Ho.Re.Ca;AF-CR-0212;cornetto 6x50;1 pallet/mese;IT;Bassa;30/05/2026;Paolo Zampieri;email scritta male sul badge, verificare. Piccola ma paga subito
05/05/2026;14:00;Hans;Grubner;Grubner Handels GmbH;AT;Graz;Geschäftsführer;h.grubner@grubner.at;+43 316 771245;Distributore;AF-CR-0215;croissant PL 8x45;4 pallet/mese;EN;Media;18/05/2026;Silvia Bertoldi;vuole private label, sembra serio. Già distribuisce prodotti da forno italiani in Stiria
05/05/2026;14:20;;;Panificio Sartor;IT;Treviso;;;;Ho.Re.Ca;AF-FC-0330;;;IT;Bassa;;Paolo Zampieri;lasciato biglietto da visita senza nome, richiamare il numero fisso sul biglietto (in cassetta)
05/05/2026;14:45;Emma;Whitfield;Fine Foods London Ltd;UK;London;Import Director;e.whitfield@finefoodslondon.co.uk;+44 20 7946 0812;Importatore;AF-CR-0212, AF-CR-0220;croissant + sfogliatina bio;8 pallet/mese;EN;Alta;15/05/2026;Silvia Bertoldi;post-Brexit chiede supporto documenti export, health certificate. Vuole campioni via corriere refrigerato
05/05/2026;15:10;Marco;Trevisan;Alimentari Trevisan snc;IT;Vicenza;Socio;m.trevisan@alimtrevisan.it;0444 512278;Grossista;AF-SN-0450;snack rustico;;IT;Media;22/05/26;Paolo Zampieri;
05/05/2026;15:30;Isabelle;Fontaine;Groupe Fontaine Distribution;FR;Bordeaux;Acheteuse;i.fontaine@groupefontaine.fr;+33 5 56 90 12 34;GDO;AF-FC-0330;focaccina;3 pallet/mese;FR;Media;2026-05-20;Silvia Bertoldi;interessata solo se consegna franco Bordeaux, margini stretti
05/05/2026;16:00;Javier;Gutiérrez;Distribuciones Gutiérrez SL;ES;Valencia;Gerente;j.gutierrez@disgutierrez.es;+34 96 3341122;Distributore;AF-SN-0450, AF-FC-0330;snack + focaccina;5 pallet/mese;ES/EN;Alta;15/05/2026;Silvia Bertoldi;mercato spagnolo in crescita per italian bakery, vuole esclusiva Levante. NON dare esclusive senza parlare con Giancarlo
05/05/2026;16:25;Thomas;Müller;REWE Regionalgesellschaft;DE;München;Junior Buyer;t.mueller@rewe-group.con;+49 89 5517832;GDO;AF-CR-0215;croissant PL;;EN;Alta;12/05/2026;Silvia Bertoldi;email .con sul modulo, correggere in .com. Junior ma dice che il senior buyer passa domani allo stand
05/05/2026;16:50;anna maria;Restivo;Dolce Sud srl;IT;Palermo;Titolare;annamaria.restivo@dolcesud.it;091 6674412;Grossista;AF-CR-0212;cornetto surgelato;2 pallet/mese;IT;Bassa;30/05/2026;Paolo Zampieri;trasporto surgelato in Sicilia costa, valutare groupage con FrigoExpress
05/05/2026;17:15;David;Cohen;Atlantic Gourmet Imports;US;New York;VP Sourcing;d.cohen@atlanticgourmet.com;+1 212 555 0187;Importatore;AF-SN-0450;snack ATM;container/trimestre;EN;Media;25/05/2026;Silvia Bertoldi;FDA registration necessaria - NON ce l'abbiamo. Chiedere a Marchetti tempi e costi prima di rispondere. Nutrition facts label USA da rifare
05/05/2026;17:40;Sergio;Battaglia;;IT;Verona;agente;sergiobattaglia1962@hotmial.it;348 771 2245;;;;;IT;Bassa;;Paolo Zampieri;NON ricontattare - perditempo, voleva solo vendere i suoi servizi di agenzia
06/05/2026;09:20;Karolina;Nowak;Fresh Market Polska;PL;Warszawa;Category Manager;k.nowak@freshmarket.pl;+48 22 6612334;GDO;AF-CR-0212, AF-CR-0215;croissant entrambi formati;10 pallet/mese;EN;Alta;2026-05-14;Silvia Bertoldi;catena 200+ negozi. Vuole audit fornitore prima dell'inserimento, chiede date disponibili giugno. AVVISARE MARCHETTI
06/05/2026;09:45;Luca;Benetti;Benetti Food Service;IT;Padova;Commerciale;l.benetti@benettifood.it;049 8712245;Ho.Re.Ca;AF-CR-0212;cornetto per hotel;1-2 pallet/mese;IT;Media;20/05/2026;Paolo Zampieri;già cliente di Alì per altre referenze, ci conosce di nome
06/05/2026;10:00;Sophie;Lefebvre;Boulangeries Réunies;FR;Paris;Resp. sourcing;s.lefebvre@boulangeries-reunies.fr;+33 1 42 68 90 11;GDO;AF-CR-0220;sfogliatina bio;4 pallet/mese;FR/EN;Alta;15/05/2026;Silvia Bertoldi;solo bio, chiede cert ICEA e % ingredienti bio. Mercato francese bio in ripresa dice lei
06/05/2026;10:30;PETER;VAN DIJK;Bakkerij van Dijk;NL;Utrecht;Sales director;p.vandijk@vandijk.nl;+31 302914456;GDO;AF-CR-0212;cornetto premium burro;6 pallet mese;EN;Alta;15/05/2026;Paolo Zampieri;passato allo stand di pomeriggio, molto interessato, vuole campioni. Mi pare nuovo contatto, azienda olandese
06/05/2026;10:50;Fatima;Al-Zahra;Emirates Fine Foods LLC;AE;Abu Dhabi;Procurement;f.alzahra@emiratesfinefoods.ae;+971 2 4456712;Distributore;AF-CR-0212;croissant surgelato;;EN;Media;22/05/2026;Silvia Bertoldi;ask for halal certification. Anche shelf life e scheda tecnica in inglese
06/05/2026;11:10;Roberto;Scapin;Scapin Grossisti Alimentari;IT;Verona;Titolare;info@scapingross.it;045 8834412;Grossista;AF-SN-0450, AF-FC-0330;snack e focaccina;3 pallet/mese;IT;Media;20/05/26;Paolo Zampieri;vicino a noi, conosce Bertoldi dai tempi del vecchio panificio. Da invitare in stabilimento
06/05/2026;11:35;Charlotte;Baumann;Baumann Feinkost AG;CH;Zürich;Einkauf;c.baumann@baumann-feinkost.ch;+41 44 2217789;Distributore;AF-CR-0212, AF-SN-0450;premium range;5 pallet/mese;EN;Alta;15/05/2026;Silvia Bertoldi;mercato svizzero paga bene ma chiede dazi/pratiche export CH - verificare con spedizioniere. Etichette in DE/FR/IT obbligatorie
06/05/2026;12:00;Mariusz;Zieliński;Zieliński Import-Export;PL;Poznań;Owner;m.zielinski@zielinski-ie.pl;+48 61 8823345;Importatore;AF-SN-0455;promo 3+1;;EN;Bassa;30/05/2026;Paolo Zampieri;vuole solo prezzo, nessuna domanda su qualità. mah
06/05/2026;12:20;Elena;Kovač;;AT;Wien;buyer;elena.kovac@;+43 1 5512890;GDO;AF-CR-0215;;;EN;Media;;Silvia Bertoldi;email incompleta sul form, il badge diceva SPAR Österreich ma non sono sicura. Ha lasciato il cellulare
06/05/2026;14:15;Giovanni;Dal Molin;Dal Molin Distribuzione;IT;Trento;Direttore commerciale;g.dalmolin@dalmolindistr.it;0461 934471;Distributore;AF-CR-0212;cornetto marchio Aurora;4 pallet/mese;IT;Alta;14/05/2026;Paolo Zampieri;copre Trentino Alto Adige, no sovrapposizione con Tosano. Interessante, sollecitare
06/05/2026;14:40;Rachel;Goldstein;Brooklyn Specialty Foods;US;Brooklyn NY;Buyer;r.goldstein@bkspecialty.com;+1 718 555 0234;Importatore;AF-CR-0220;bio/organic;;EN;Media;25/05/2026;Silvia Bertoldi;USDA organic NON è ICEA, serve equivalenza - chiedere a Zanchetta se la linea bio è esportabile USA. Kosher would be a plus dice lei
06/05/2026;15:00;Klaus;Schneider;EDEKA Südwest;DE;Offenburg;Einkäufer;k.schneider@edeka-suedwest.de;+49 781 44125567;GDO;AF-SN-0450, AF-CR-0215;snack + croissant PL;15 pallet/mese;EN;Alta;12/05/2026;Silvia Bertoldi;GROSSO. Vuole visita stabilimento e audit. Tempistiche inserimento gennaio 2027. Preparare dossier con Marchetti: BRC AA, IFS Higher Level
06/05/2026;15:20;Martina;Furlan;Bar Pasticceria Furlan;IT;Udine;Titolare;furlanmartina@yahoo.it;340 5567812;Ho.Re.Ca;AF-CR-0212;cornetto;20 cartoni/mese;IT;Bassa;fine maggio;Paolo Zampieri;troppo piccola per consegna diretta, girarla a un grossista friulano
06/05/2026;15:45;Ahmed;Al Rashid;AL MAYA GROUP LLC;AE;Dubai;Import manager;ahmed.alrashid@almaya.ae;+9714 3347788;GDO;full range;tutto il catalogo;1 container 40 al mese;EN;ALTA;12/05/26;Paolo Zampieri;contatto importante Emirati, vuole tutto il catalogo, certificazione halal indispensabile. Da seguire personalmente
06/05/2026;16:10;Nathalie;Dubois;Carrefour France;FR;Massy;Acheteur MDD;n.dubois@carrefour.fr;+33 1 64 50 22 18;GDO;AF-CR-0215, AF-SN-0455;MDD croissant + snack;20 pallet/mese;FR/EN;Alta;13/05/2026;Silvia Bertoldi;MDD = loro private label. Gara a settembre, chiede pre-qualifica fornitore entro giugno. Documentazione pesante ma vale la pena
06/05/2026;16:30;paolo;ruzza;Ruzza Carni e Alimentari;IT;Rovigo;titolare;p.ruzza@ruzzaalimentari.it;0425 412236;Grossista;AF-FC-0330;;1 pallet/mese;IT;Bassa;30/05/2026;Paolo Zampieri;
06/05/2026;17:00;William;Thompson;Harrods Food Halls;UK;London;Assistant buyer;w.thompson@harrods.co.uk;+44 20 7730 1234;GDO;AF-CR-0212;cornetto premium;;EN;Media;20/05/2026;Silvia Bertoldi;premium positioning, piccoli volumi ma vetrina incredibile. Vuole packaging dedicato - costi?
06/05/2026;17:30;Stefan;Bauer;Bauer Backwaren Vertrieb;DE;Nürnberg;Vertriebsleiter;s.bauer@bauer-backwaren.de;0911 4456723;Distributore;AF-CR-0212, AF-CR-0215;croissant;6 pallet/mese;DE/EN;Media;18/05/2026;Silvia Bertoldi;telefono senza prefisso internazionale, è tedesco aggiungere +49. Parla italiano discreto, ha lavorato a Bolzano
07/05/2026;09:15;Chiara;Moretto;Alì S.p.A.;IT;Padova;Assist. category;c.moretto@alisupermercati.it;049 8226711;GDO;AF-CR-0220;sfogliatina bio;2 pallet/mese;IT;Alta;14/05/2026;Silvia Bertoldi;GIA CLIENTE per AF-SN-0450, vuole allargare alla bio. Passare a Silvia che segue il rapporto
07/05/2026;09:40;Josef;Novak;Novak Import s.r.o.;CH;Basel;Owner;j.novak@novakimport.ch;+41 61 3312245;Importatore;AF-SN-0450;snack;2 pallet/mese;EN;Bassa;30/05/2026;Paolo Zampieri;
07/05/2026;10:00;Amira;Hassan;Gulf Trading Est.;AE;Sharjah;Purchasing;a.hassan@gulftrading.ae;+971 6 5567234;Distributore;AF-SN-0450, AF-SN-0455;snack salati;mezzo container/mese;EN;Media;22/05/2026;Silvia Bertoldi;halal cert richiesta anche qui. Terzo contatto UAE della fiera, il mercato c'è
07/05/2026;10:30;Francesco;Girardi;Girardi & C. sas;IT;Vicenza;Socio amministratore;f.girardi@girardic.it;0444 771123;Ho.Re.Ca;AF-CR-0212, AF-FC-0330;cornetto + focaccina bar;2 pallet/mese;IT;Media;20/05/2026;Paolo Zampieri;fornisce 60 bar tra Vicenza e Padova, il giro giusto per il canale bar
07/05/2026;10:55;Ingrid;Johansson;Nordic Fine Foods AB;;Stockholm;Import manager;i.johansson@nordicfinefoods.se;+46 8 55512340;Importatore;AF-CR-0212;croissant premium;3 pallet/mese;EN;Media;22/05/2026;Silvia Bertoldi;Svezia non era nei piani ma perché no. Chiede EPD/dichiarazione ambientale?? mai sentita, verificare
07/05/2026;11:15;Markus;Weber;Frischwaren Weber;DE;Stoccarda;Resp. acquisti;markus.weber@frischwaren-weber.de;004971 1448812;Distributore;AF-CR-0212 AF-CR-0215;croissant premium e PL;12 pallet/mese;EN;Alta;15/05/2026;Paolo Zampieri;tedesco molto interessato al croissant, vuole listino. Nuovo contatto promettente!!
07/05/2026;11:40;Valentina;Rigon;Supermercati Rigon;IT;Bassano del Grappa;Titolare;v.rigon@superigon.it;0424 552218;GDO;AF-SN-0450, AF-FC-0330;snack + focaccina;2 pallet/mese;IT;Media;20/05/26;Paolo Zampieri;5 punti vendita pedemontana, no PL solo marchio Aurora
07/05/2026;12:00;Oliver;Hughes;Tesco Sourcing;UK;Welwyn;Sourcing manager;o.hughes@tesco.com;+44 1707 555812;GDO;AF-CR-0215;croissant PL;25 pallet/mese;EN;Alta;13/05/2026;Silvia Bertoldi;VOLUMI ENORMI ma condizioni durissime, chiede open book costing. Parlarne con Giancarlo e Fantin prima di rispondere qualsiasi cosa
07/05/2026;12:25;jean pierre;moreau;Moreau et Fils Distribution;FR;Lione;dir. achats;jpmoreau@moreau-fils.fr;0472884120;Importatore;AF-SN-0450;snack multicereali;;FR;Media;20/05/2026;Paolo Zampieri;francese passato a fine mattinata, vuole campioni snack. Poco inglese
07/05/2026;14:00;Beatriz;Fernández;Supermercados Fernández;ES;Sevilla;Compras;b.fernandez@superfernandez.es;+34 95 4412789;GDO;AF-FC-0330;focaccina;2 pallet/mese;ES;Bassa;30/05/2026;Paolo Zampieri;solo spagnolo, farsi aiutare da qualcuno per la mail
07/05/2026;14:20;Tomasz;Wiśniewski;Biedronka - Jeronimo Martins;PL;Kostrzyn;Buyer;t.wisniewski@jmpolska.pl;+48 61 8856234;GDO;AF-SN-0455;promo discount;30 pallet/mese;EN;Alta;13/05/2026;Silvia Bertoldi;discount, prezzi da discount. Volume enorme ma margine? Fantin deve dire se a saturazione Linea 1 il conto torna. NON promettere niente
07/05/2026;14:45;Giorgio;Perin;Perin Surgelati;IT;Venezia-Mestre;Titolare;g.perin@perinsurgelati.it;041 5534421;Grossista;AF-CR-0212, AF-CR-0215;croissant surgelato;4 pallet/mese;IT;Alta;15/05/2026;Paolo Zampieri;specializzato surgelato Ho.Re.Ca, ha già celle e rete distributiva. Ottimo per saturare Linea 3
07/05/2026;15:05;Lena;Hofmann;Hofmann Bio Handel;DE;Freiburg;Einkauf Bio;l.hofmann@hofmann-bio.de;+49 761 2214456;Distributore;AF-CR-0220;solo bio;3 pallet/mese;EN;Media;20/05/2026;Silvia Bertoldi;solo biologico certificato, chiede se tutta la linea 2 può diventare bio - no, solo la sfogliatina per ora. Mercato tedesco bio maturo
07/05/2026;15:30;;;COOP SCHWEIZ;CH;Basel;;;+41 61 3366712;GDO;AF-CR-0212;croissant;;EN;Alta;15/05/2026;Silvia Bertoldi;passato di fretta il buyer, niente nome sul form solo timbro aziendale. Richiamare il centralino e chiedere del reparto acquisti bakery
07/05/2026;15:50;Andrea;Salvato;Salvato Alimentari;IT;Este;Titolare;andreasalvato@tim.it;;Grossista;AF-SN-0450;;1 pallet/mese;IT;Bassa;;Paolo Zampieri;niente telefono sul modulo, solo mail. Zona bassa padovana
07/05/2026;16:10;Yusuf;Öztürk;Öztürk Feinkost GmbH;DE;Berlin;Geschäftsführer;y.oeztuerk@oeztuerk-feinkost.de;+49 30 4467812;Distributore;AF-SN-0450, AF-SN-0455;snack;4 pallet/mese;EN;Media;20/05/2026;Paolo Zampieri;etnico/convenience Berlino, halal richiesto anche qui per una parte del giro
07/05/2026;16:35;Camille;Rousseau;Monoprix;FR;Clichy;Chef de produit;c.rousseau@monoprix.fr;+33 1 55 20 44 78;GDO;AF-CR-0212, AF-FC-0330;premium urbano;6 pallet/mese;FR/EN;Alta;14/05/2026;Silvia Bertoldi;posizionamento premium città, interessantissima la focaccina EVO. Vuole moodboard packaging??? chiedere a Silvia cosa significa
07/05/2026;17:00;Nick;van der Meer;Sligro Food Group;NL;Veghel;Buyer foodservice;n.vandermeer@sligro.nl;+31 413 343556;Ho.Re.Ca;AF-CR-0212;croissant foodservice;8 pallet/mese;EN;Alta;15/05/2026;Silvia Bertoldi;foodservice olandese grosso, cash&carry. Chiede scheda tecnica EN e campioni entro 2 settimane
07/05/2026;17:20;Rossana;Peruzzo;;IT;;;;;;;;;IT;;;;modulo compilato a metà, illeggibile la riga azienda. Grafia terribile. Forse "Peruzzo Market"? cestinare?
08/05/2026;09:10;Charlotte;BAUMANN;Baumann Feinkost;CH;Zurigo;resp. acquisti;charlotte.baumann@baumann-feinkost.ch;+41442217789;Importatore;AF-CR-0212;croissant premium burro;5 pallet/mese;EN;Alta;15/05/26;Paolo Zampieri;svizzera tornata il venerdì con il collega, vogliono campioni subito. Contatto nuovo direi ottimo
08/05/2026;09:30;Dario;Menegatti;Menegatti Food srl;IT;Bologna;Direttore acquisti;d.menegatti@menegattifood.it;051 6634412;Distributore;AF-SN-0450, AF-CR-0212;mix;5 pallet/mese;IT;Media;22/05/2026;Paolo Zampieri;copre Emilia, chiede se abbiamo agente in zona - non ce l'abbiamo
08/05/2026;09:50;Katarzyna;Lewandowska;Żabka Polska;PL;Poznań;Category;k.lewandowska@zabka.pl;+48 61 8567234;GDO;AF-SN-0450;convenience;10 pallet/mese;EN;Media;22/05/2026;Silvia Bertoldi;convenience store, formati piccoli, chiede monoporzione 50g che NON abbiamo a listino. Girare a Zanchetta come input R&D
08/05/2026;10:15;Bruno;Costa;Costa Import Lda;;Porto;Gerente;b.costa@costaimport.pt;+351 22 5541123;Importatore;AF-FC-0330;focaccina;2 pallet/mese;EN;Bassa;30/05/2026;Paolo Zampieri;Portogallo, campo Paese lasciato vuoto sul modulo. Simpatico ma vago sui volumi
08/05/2026;10:40;NATHALIE;DUBOIS;CARREFOUR;FR;Massy;acheteur mdd;nathalie.dubois@carrefour.fr;+33164502218;GDO;AF-CR-0215;croissant mdd;20 pallet mese;FR;ALTA;13/05/2026;Paolo Zampieri;buyer Carrefour!!! vuole pre-qualifica per gara MDD settembre. Contatto top della fiera secondo me
08/05/2026;11:00;Michele;Sacchetto;Rossetto Trade S.p.A.;IT;Verona;Category;m.sacchetto@rossettotrade.it;045 8901123;GDO;AF-SN-0455;promo 3+1;3 pallet/mese;IT;Alta;14/05/2026;Silvia Bertoldi;già cliente, vuole replicare la promo Tosano. ATTENZIONE sovrapposizione territoriale con Tosano su Verona - parlare con Giancarlo
08/05/2026;11:20;Sarah;O'Brien;Dunnes Stores;UK;Dublin;Buyer;s.obrien@dunnesstores.ie;+353 1 6114455;GDO;AF-CR-0212;croissant;4 pallet/mese;EN;Media;20/05/2026;Silvia Bertoldi;Irlanda non UK, correggere il Paese. Logistica da studiare, forse via UK hub
08/05/2026;11:45;Peter;Van Dijk;van dijk bakkerij;NL;utrecht;sales;pvandijk@vandijk.nl;+31 30 291 4456;GDO;AF-CR-0212, AF-CR-0220;cornetto + bio;6 pallet/mese;EN;Alta;15/05/2026;Paolo Zampieri;olandese, terzo giorno che passa!? molto insistente sui campioni, spedire lunedì
08/05/2026;12:05;Loredana;Vianello;Vianello Bar Forniture;IT;Chioggia;Titolare;loredana.vianello@virgilio.it;041 4412236;Ho.Re.Ca;AF-CR-0212;cornetto;15 cartoni/mese;IT;Bassa;fine mese;Paolo Zampieri;piccola, valutare se girarla a Perin Surgelati come sub-distribuzione
08/05/2026;12:30;James;Mitchell;Whole Foods Market;US;Austin TX;Regional buyer;j.mitchell@wholefoods.com;+1 512 555 0345;GDO;AF-CR-0220;organic pastry;container/trimestre;EN;Media;25/05/2026;Silvia Bertoldi;organic USA - stesso problema equivalenza USDA della Goldstein. E FDA. Fare un dossier unico "requisiti USA" invece di rispondere a spot
08/05/2026;14:00;Hana;Dvořáková;Makro Cash&Carry ČR;;Praha;Buyer;h.dvorakova@makro.cz;+420 2 5111 4478;Ho.Re.Ca;AF-SN-0450, AF-CR-0212;mix foodservice;5 pallet/mese;EN;Media;22/05/2026;Silvia Bertoldi;Rep. Ceca, il modulo non aveva la casella paese giusta. Gruppo Metro comunque
08/05/2026;14:25;Piotr;Kowalczik;Delikatesy Centrum;PL;Cracovia;buyer;piotr.kowalczyk@delikatesy.pl;+48124457821;GDO;AF-SN-0455, AF-SN-0450;snack promo;;EN;Media;20/05/2026;Silvia Bertoldi;polacco interessato agli snack, chiede prezzo aggressivo. Nuovo lead Polonia
08/05/2026;14:50;Federico;Baggio;Famila Nordest;IT;Vicenza;Assistente category;f.baggio@familanordest.it;0444 336712;GDO;AF-CR-0220;sfogliatina bio;2 pallet/mese;IT;Alta;14/05/2026;Silvia Bertoldi;già cliente sulla bio, vuole aumentare i volumi e chiede la focaccina in versione bio - non esiste, input per Zanchetta
08/05/2026;15:10;Hasan;Yılmaz;Yilmaz Gida Ltd;;Istanbul;Export-import;h.yilmaz@yilmazgida.com.tr;+90 212 5567823;Importatore;AF-SN-0450;snack;;EN;Bassa;30/05/2026;Paolo Zampieri;Turchia, dazi e documenti da verificare, mai esportato lì. Halal ovviamente
08/05/2026;15:30;Greta;Lindqvist;ICA Gruppen;;Solna;Sourcing;g.lindqvist@ica.se;+46 8 56150022;GDO;AF-CR-0212;croissant;6 pallet/mese;EN;Media;22/05/2026;Silvia Bertoldi;Svezia di nuovo, due lead svedesi in una fiera. Chiede anche lei documentazione sostenibilità/CSR
08/05/2026;15:55;Hans;GRUBNER;Grubner Handel;AT;Graz;titolare;hans.grubner@grubner.at;+43316771245;Distributore;AF-CR-0215, AF-CR-0212;croissant pl e premium;4-5 pallet/mese;DE/EN;Media;18/05/26;Paolo Zampieri;austriaco, vuole private label per catene austriache. Nuovo contatto Austria, promettente
08/05/2026;16:15;Rita;Marangon;Marangon Caffè e Colazioni;IT;Rovigo;Titolare;rita.marangon@gmail.com;349 5512278;Ho.Re.Ca;AF-CR-0212;cornetto;10 cartoni/mese;IT;Bassa;;Paolo Zampieri;troppo piccola, girare a grossista polesine
08/05/2026;16:40;Alexandre;Petit;Metro France;FR;Nanterre;Acheteur;a.petit@metro.fr;+33 1 47 86 55 12;Ho.Re.Ca;AF-CR-0212, AF-FC-0330;foodservice;7 pallet/mese;FR/EN;Alta;15/05/2026;Silvia Bertoldi;Metro Francia foodservice, canale interessante e meno affollato della GDO retail
08/05/2026;17:00;Emma;Withfield;Fine Foods London;UK;Londra;import director;emma.whitfield@finefoodslondon.co.uk;+44 2079460812;Importatore;AF-CR-0212;croissant premium;8 pallet/mese;EN;Alta;15/05/2026;Paolo Zampieri;inglese molto decisa, vuole muoversi veloce. Segnata come nuovo lead UK, cognome forse scritto male da me
08/05/2026;17:20;Damiano;Furlanetto;Furlanetto SpA;IT;Treviso;Direttore vendite;d.furlanetto@furlanettospa.it;0422 445512;Distributore;AF-SN-0450, AF-FC-0330, AF-CR-0212;tutto il catalogo fresco;6 pallet/mese;IT;Alta;15/05/2026;Paolo Zampieri;distributore serio, rete in tutto il Triveneto, ultimo contatto della fiera e forse il migliore del canale distribuzione Italia
Data;Ora;Nome;Cognome;Azienda;Paese;Città;Ruolo;Email;Telefono;Canale;Referenze_interesse;Campioni_richiesti;Volume_stimato_annuo;Lingua;Priorità;Follow_up_entro;Assegnato_a;Note
05/05/2026;10:05;Matteo;Boscolo;Boscolo Forniture Alberghiere;IT;Jesolo;Titolare;m.boscolo@boscoloforniture.it;0421 934456;Ho.Re.Ca;AF-CR-0212;cornetto hotel;3 pallet/mese stagionali;IT;Media;20/05/2026;Paolo Zampieri;stagionalità estiva forte, litorale veneto. Consegne maggio-settembre
05/05/2026;10:25;Annette;Kruger;Kruger Delikatessen;DE;Hamburg;Inhaberin;a.kruger@kruger-deli.de;+49 40 3345567;Grossista;AF-FC-0330;focaccina;1 pallet/mese;EN;Bassa;30/05/2026;Paolo Zampieri;
05/05/2026;11:00;Simone;Padovan;Padovan Catering;IT;Verona;Chef/titolare;s.padovan@padovancatering.it;045 6612234;Ho.Re.Ca;AF-FC-0330, AF-SN-0450;buffet;;IT;Bassa;30/05/26;Paolo Zampieri;catering eventi, volumi a spot non ricorrenti
05/05/2026;11:50;Marta;Serafin;Serafin e Figli snc;IT;Belluno;Socia;serafin.figli@pec.it;0437 941123;Grossista;AF-CR-0212;cornetto;1 pallet/mese;IT;Bassa;;Paolo Zampieri;ha lasciato la PEC come mail, chiedere una mail ordinaria
05/05/2026;12:40;Erik;Larsen;Larsen Food Import ApS;;København;Owner;e.larsen@larsenfood.dk;+45 33 551244;Importatore;AF-CR-0212, AF-CR-0220;croissant + bio;3 pallet/mese;EN;Media;22/05/2026;Silvia Bertoldi;Danimarca, mercato piccolo ma prezzi buoni. Casella paese vuota anche qui, il form andava rifatto
05/05/2026;14:30;Nicoletta;Grandi;Grandi Sapori srl;IT;Modena;Export manager;n.grandi@grandisapori.it;059 4412236;Distributore;AF-SN-0450;snack per suo catalogo export;4 pallet/mese;IT;Media;22/05/2026;Paolo Zampieri;fa da consolidatore export per piccoli marchi italiani, interessante per mercati dove non arriviamo da soli. Commissione? capire il modello
05/05/2026;15:50;Ines;Schmid;Schmid & Partner Handels;AT;Salzburg;Einkauf;i.schmid@schmid-handel.at;+43 662 884471;Distributore;AF-CR-0212;croissant;2 pallet/mese;EN;Media;20/05/2026;Silvia Bertoldi;
05/05/2026;16:40;Riccardo;Stella;Stella Distribuzione Automatica;IT;Padova;Titolare;r.stella@stellavending.it;049 7712245;;AF-SN-0450;monoporzione vending;;IT;Media;22/05/2026;Paolo Zampieri;VENDING - canale mai considerato. Chiede snack 50g per distributori automatici, shelf life lunga. Stesso input monoporzione della polacca, portare a Zanchetta
05/05/2026;17:00;Beatrice;Zanon;Zanon Dolciumi;IT;Verona;Acquisti;b.zanon@zanondolciumi.it;045 5567823;Grossista;AF-CR-0212;;1 pallet/mese;IT;Bassa;30/05/2026;Paolo Zampieri;
06/05/2026;09:30;Pierre;Garnier;Auchan Retail France;FR;Croix;Acheteur;p.garnier@auchan.fr;+33 3 20 81 68 00;GDO;AF-SN-0450, AF-CR-0215;snack + MDD;12 pallet/mese;FR/EN;Alta;14/05/2026;Silvia Bertoldi;secondo grande francese della fiera, anche lui gara MDD in autunno. Francia sta diventando la priorità export
06/05/2026;10:15;Aldo;Michieli;Michieli Alimentari;IT;Venezia;Titolare;a.michieli@michielialimentari.it;041 5223412;Grossista;AF-FC-0330;focaccina;1 pallet/mese;IT;Bassa;;Paolo Zampieri;
06/05/2026;11:55;Renate;Vogel;Vogel Feinbäckerei;DE;Dresden;Einkauf;r.vogel@vogel-feinbaeckerei.de;+49 351 4456712;Ho.Re.Ca;AF-CR-0212;croissant;2 pallet/mese;EN;Bassa;30/05/2026;Paolo Zampieri;catena di caffetterie in Sassonia
06/05/2026;12:45;Manuel;Ortega;Ortega Distribución;ES;Barcelona;Director compras;m.ortega@ortegadist.es;+34 93 4412236;Distributore;AF-CR-0212, AF-SN-0450;mix;4 pallet/mese;ES/EN;Media;20/05/2026;Silvia Bertoldi;Catalogna, canale horeca+retail misto. Parla inglese bene
06/05/2026;14:50;Tiziano;Carraro;Carraro Freschi;IT;Padova;Titolare;tiziano.carraro@carrarofreschi.it;049 8845512;Grossista;AF-CR-0212, AF-CR-0215;croissant surgelato;3 pallet/mese;IT;Media;20/05/2026;Paolo Zampieri;ha celle frigo proprie, consegna notturna ai bar. Interessante per il surgelato
06/05/2026;16:45;Aisha;Rahman;London Halal Foods Ltd;UK;London;Director;a.rahman@londonhalalfoods.co.uk;+44 20 8845 5567;Distributore;AF-SN-0450, AF-CR-0212;snack + croissant;5 pallet/mese;EN;Media;20/05/2026;Silvia Bertoldi;ask for halal certification - quarto lead che la chiede. FARE IL PUNTO: quanto costa certificarsi halal e su quali linee? Portare in riunione
06/05/2026;17:15;Denis;Rigoni;Rigoni Bar Service;IT;Asiago;Titolare;denisrigoni@alice.it;0424 462215;Ho.Re.Ca;AF-CR-0212;cornetto;8 cartoni/mese;IT;Bassa;;Paolo Zampieri;NON ricontattare - perditempo, ha discusso 40 minuti del prezzo di 8 cartoni
07/05/2026;09:25;Veronika;Horváth;Spar Magyarország;;Bicske;Buyer;v.horvath@spar.hu;+36 22 566712;GDO;AF-SN-0450;snack;4 pallet/mese;EN;Media;22/05/2026;Silvia Bertoldi;Ungheria. Fa parte del gruppo SPAR austriaco, chiedere alla Kovač se sono collegati - anzi prima capire chi è la Kovač
07/05/2026;10:20;Fabio;Tonello;Tonello F.lli srl;IT;Treviso;Commerciale;f.tonello@tonellofratelli.it;0422 336655;Grossista;AF-SN-0450, AF-FC-0330;snack focaccina;2 pallet/mese;IT;Media;22/05/2026;Paolo Zampieri;
07/05/2026;11:00;Dieter;Krause;Kaufland Dienstleistung;DE;Neckarsulm;Einkäufer;d.krause@kaufland.de;+49 7132 9440;GDO;AF-SN-0455;promo discount;18 pallet/mese;EN;Alta;14/05/2026;Silvia Bertoldi;altro discount tedesco, stessa logica Biedronka: volumi grossi prezzi bassi. Valutare INSIEME i due dossier discount, non separatamente
07/05/2026;12:40;Elisa;Businaro;Businaro Gastronomia;IT;Padova;Titolare;elisa.businaro@gmail.con;049 6612334;Ho.Re.Ca;AF-FC-0330;focaccina farcita da banco;20 cartoni/mese;IT;Bassa;30/05/2026;Paolo Zampieri;mail .con anche questa, correggere. Gastronomia storica in centro
07/05/2026;14:30;Grzegorz;Kamiński;Eurocash Group;PL;Komorniki;Category;g.kaminski@eurocash.pl;+48 61 3332211;Grossista;AF-SN-0450, AF-SN-0455;snack;8 pallet/mese;EN;Media;22/05/2026;Silvia Bertoldi;cash&carry polacco, serve i negozi di prossimità. Terzo lead PL della fiera
07/05/2026;16:50;Milan;Novotný;Praha Gourmet s.r.o.;;Praha;Owner;m.novotny@prahagourmet.cz;+420 602 445 512;Importatore;AF-CR-0212;croissant premium;1 pallet/mese;EN;Bassa;30/05/2026;Paolo Zampieri;
08/05/2026;09:20;Silvia;Roncato;Roncato Supermercati;IT;Monselice;Acquisti;s.roncato@roncatosuper.it;0429 771122;GDO;AF-SN-0450, AF-FC-0330;;2 pallet/mese;IT;Media;20/05/2026;Paolo Zampieri;4 punti vendita bassa padovana
08/05/2026;10:00;Kevin;Murphy;Musgrave Group;;Cork;Trading manager;k.murphy@musgrave.ie;+353 21 4522100;GDO;AF-CR-0212;croissant;5 pallet/mese;EN;Media;22/05/2026;Silvia Bertoldi;Irlanda anche lui, insieme alla O'Brien fanno un mercato. Valutare un unico spedizioniere per le isole
08/05/2026;10:45;Loris;Bedin;Bedin Ristorazione Collettiva;IT;Vicenza;Resp. acquisti;l.bedin@bedinristorazione.it;0444 921134;Ho.Re.Ca;AF-CR-0212, AF-FC-0330;mense scolastiche;4 pallet/mese;IT;Media;22/05/2026;Paolo Zampieri;ristorazione collettiva, chiede schede nutrizionali complete e gestione allergeni documentata - per le mense è obbligatorio. Girare le schede di Marchetti
08/05/2026;11:30;Zeynep;Kaya;Kaya Import GmbH;DE;Köln;Inhaberin;z.kaya@kaya-import.de;+49 221 5567234;Importatore;AF-SN-0450;snack;3 pallet/mese;EN;Media;22/05/2026;Silvia Bertoldi;import per negozi etnici NRW, halal richiesto. QUINTO lead halal - il dossier certificazione va fatto davvero
08/05/2026;12:15;Cristina;Pavan;Pavan & Zaggia srl;IT;Padova;Socia;c.pavan@pavanzaggia.it;049 8667712;Grossista;AF-CR-0212;cornetto;2 pallet/mese;IT;Bassa;30/05/2026;Paolo Zampieri;
08/05/2026;14:10;Olivier;Blanc;Pomona Group;FR;Antony;Acheteur foodservice;o.blanc@pomona.fr;+33 1 55 59 22 00;Ho.Re.Ca;AF-CR-0212, AF-FC-0330;foodservice;9 pallet/mese;FR/EN;Alta;15/05/2026;Silvia Bertoldi;distributore foodservice n.1 in Francia dice lui. Volumi seri, chiede referenze clienti italiani nel foodservice - abbiamo solo i 3 grossisti, pensarci
08/05/2026;15:00;Guido;Sperotto;Sperotto Distribuzione Bevande;IT;Thiene;Titolare;g.sperotto@sperottobev.it;0445 336612;Grossista;AF-SN-0450;snack abbinato a bevande;1 pallet/mese;IT;Bassa;;Paolo Zampieri;distribuisce bevande ai bar, vorrebbe aggiungere snack al giro. Idea non male per saturare i furgoni suoi
08/05/2026;16:00;Irina;Petrova;Baltic Food Trade OÜ;;Tallinn;Owner;i.petrova@balticfoodtrade.ee;+372 5512 4478;Importatore;AF-SN-0450, AF-CR-0212;mix;2 pallet/mese;EN;Bassa;30/05/2026;Paolo Zampieri;Estonia, copre le tre repubbliche baltiche. Piccolo ma senza concorrenza nostra lì
08/05/2026;16:50;Nicolò;Bertacco;Bertacco Forniture Horeca;IT;Legnago;Titolare;n.bertacco@bertaccohoreca.it;0442 621134;Ho.Re.Ca;AF-CR-0212, AF-FC-0330;bar e pasticcerie basso veronese;2 pallet/mese;IT;Media;22/05/2026;Paolo Zampieri;a due passi da noi, ritirerebbe lui in stabilimento con i suoi mezzi. Margine migliore senza trasporto
05/05/2026;09:45;Federico;Bortolami;Bortolami Cash and Carry;IT;Padova;Buyer;f.bortolami@bortolamicc.it;049 7756612;Grossista;AF-SN-0450;snack;2 pallet/mese;IT;Media;20/05/2026;Paolo Zampieri;cash&carry con 2 sedi, chiede promo di ingresso
05/05/2026;12:55;Angelique;Bernard;Franprix;FR;Paris;Chef de produit;a.bernard@franprix.fr;+33 1 40 22 55 67;GDO;AF-FC-0330;focaccina urbana;3 pallet/mese;FR;Media;22/05/2026;Silvia Bertoldi;format piccolo di prossimità parigino
05/05/2026;13:30;Umberto;Galvan;Galvan Surgelati sas;IT;Vicenza;Titolare;u.galvan@galvansurgelati.it;0444 885521;Grossista;AF-CR-0215;croissant surgelato;2 pallet/mese;IT;Media;22/05/2026;Paolo Zampieri;passato in pausa pranzo, conosce Roberto Guerra dalla scuola
06/05/2026;09:10;Sanne;de Vries;Jumbo Supermarkten;NL;Veghel;Assistant buyer;s.devries@jumbo.nl;+31 413 380480;GDO;AF-CR-0212;croissant;7 pallet/mese;EN;Alta;15/05/2026;Silvia Bertoldi;seconda catena olandese, decide il senior buyer a giugno
06/05/2026;10:40;Rolf;Steiner;Steiner Gastro Service;CH;Bern;Inhaber;r.steiner@steiner-gastro.ch;+41 31 4456712;Ho.Re.Ca;AF-CR-0212, AF-FC-0330;horeca svizzero;2 pallet/mese;DE/EN;Media;22/05/2026;Paolo Zampieri;
06/05/2026;11:20;Patrizia;Callegaro;Callegaro Alimentari;IT;Rovigo;Titolare;patriziacallegaro@libero.it;0425 336655;Grossista;AF-FC-0330;;1 pallet/mese;IT;Bassa;;Paolo Zampieri;
06/05/2026;13:15;Miguel;Santos;El Corte Inglés;ES;Madrid;Comprador gourmet;m.santos@elcorteingles.es;+34 91 4018800;GDO;AF-CR-0212, AF-CR-0220;gourmet + bio;4 pallet/mese;ES/EN;Alta;15/05/2026;Silvia Bertoldi;reparto gourmet, posizionamento alto. Vuole storytelling del prodotto, foto stabilimento - girare a Silvia
06/05/2026;13:40;Leonardo;Marcolin;Marcolin Freschissimi;IT;Verona;Acquisti;l.marcolin@marcolinfreschi.it;045 7712245;Grossista;AF-SN-0450, AF-FC-0330;;2 pallet/mese;IT;Bassa;30/05/2026;Paolo Zampieri;
06/05/2026;15:55;Astrid;Nielsen;Salling Group;;Aarhus;Buyer;a.nielsen@sallinggroup.dk;+45 89 30 40 50;GDO;AF-SN-0450;snack;5 pallet/mese;EN;Media;22/05/2026;Silvia Bertoldi;Danimarca, gruppo grosso (Netto, Føtex). Casella paese di nuovo vuota, maledetto form
06/05/2026;16:20;Corrado;Piccoli;Piccoli & Figli Panificio;IT;Mantova;Titolare;corradopiccoli@tiscali.it;0376 445512;Ho.Re.Ca;AF-CR-0215;croissant da rivendere;10 cartoni/mese;IT;Bassa;;Paolo Zampieri;un panificio che compra croissant surgelati da noi, curioso. Margini suoi altissimi immagino
07/05/2026;09:50;Helga;Brandstätter;MPreis Warenvertriebs;AT;Völs;Einkauf;h.brandstaetter@mpreis.at;+43 512 9302;GDO;AF-FC-0330, AF-SN-0450;snack + focaccina;4 pallet/mese;EN;Media;20/05/2026;Silvia Bertoldi;catena tirolese, logistica facile via Brennero
07/05/2026;10:40;Damiana;Ruffato;Ruffato Bar e Tabacchi;IT;Cittadella;Titolare;;;Ho.Re.Ca;AF-CR-0212;;5 cartoni/mese;IT;Bassa;;Paolo Zampieri;nessun contatto lasciato, ha detto che ripassa - non è ripassata
07/05/2026;11:55;Viktor;Baranov;;;;;v.baranov@foodbridge.example;;Importatore;AF-SN-0450;;;EN;;;;modulo quasi vuoto, ha scritto solo mail e referenza. Dominio mail strano, verificare che esista prima di scrivere
07/05/2026;13:20;Rosanna;Danieli;Danieli Ristorazione;IT;Verona;Acquisti;r.danieli@danieliristorazione.it;045 6634478;Ho.Re.Ca;AF-FC-0330;mense aziendali;3 pallet/mese;IT;Media;22/05/2026;Paolo Zampieri;stesso discorso mense della Bedin: schede allergeni obbligatorie
07/05/2026;15:15;Bart;Janssen;Colruyt Group;;Halle;Buyer;b.janssen@colruytgroup.be;+32 2 360 10 40;GDO;AF-CR-0215;croissant PL;8 pallet/mese;EN;Alta;15/05/2026;Silvia Bertoldi;Belgio, il form non aveva BE tra i paesi!! Gruppo serissimo, prezzi da discount ma pagamenti puntuali dicono
07/05/2026;15:40;Alessandro;Zorzan;Zorzan Market;IT;Lonigo;Titolare;a.zorzan@zorzanmarket.it;0444 831122;GDO;AF-SN-0450;snack;1 pallet/mese;IT;Bassa;30/05/2026;Paolo Zampieri;un negozio solo ma a Lonigo, dietro casa. Il commercialista Bellotto fa la spesa lì dice lui
07/05/2026;16:20;Chloé;Martin;Intermarché - ITM;FR;Bondoufle;Acheteuse;c.martin@mousquetaires.com;+33 1 69 64 20 00;GDO;AF-SN-0450, AF-SN-0455;snack + promo;10 pallet/mese;FR/EN;Alta;14/05/2026;Silvia Bertoldi;terzo gruppo francese. La Francia merita un viaggio dedicato a giugno, proporlo a Giancarlo
07/05/2026;17:30;Ottavio;Bressan;Bressan Alimentari di Bressan O.;IT;Schio;Titolare;ottavio.bressan@virgilio.it;0445 523311;Grossista;AF-CR-0212;;1 pallet/mese;IT;Bassa;;Paolo Zampieri;
08/05/2026;09:40;Linda;Svensson;Axfood AB;;Stockholm;Category;l.svensson@axfood.se;+46 8 553 99 000;GDO;AF-CR-0220;bio;4 pallet/mese;EN;Media;22/05/2026;Silvia Bertoldi;terza svedese!? il bio tira in Scandinavia. Fare un dossier nordics unico
08/05/2026;10:20;Gabriele;Munari;Munari Food Broker;IT;Milano;Broker;g.munari@munaribroker.it;02 5512334;;AF-CR-0215, AF-SN-0455;;;IT;Media;22/05/2026;Silvia Bertoldi;broker per GDO, dice di avere contatti Esselunga e Iper. Commissione 3% - valutare, ma attenzione a non pestare i piedi a Tosano
08/05/2026;11:10;Wolfgang;Pichler;Pichler Tiefkühl GmbH;AT;Linz;GF;w.pichler@pichler-tk.at;+43 732 445567;Distributore;AF-CR-0212, AF-CR-0215;surgelato specializzato;5 pallet/mese;DE/EN;Alta;15/05/2026;Silvia Bertoldi;distributore SOLO surgelato, ha la logistica giusta. Il migliore fit per Linea 3 tra gli austriaci
08/05/2026;12:45;Nadia;Sbrissa;Sbrissa Delizie;IT;Castelfranco;Titolare;nadiasbrissa@gmail.com;0423 665521;Ho.Re.Ca;AF-CR-0212;cornetto;12 cartoni/mese;IT;Bassa;;Paolo Zampieri;
08/05/2026;13:30;Justyna;Mazur;Carrefour Polska;PL;Warszawa;Buyer MDD;j.mazur@carrefour.pl;+48 22 5173000;GDO;AF-SN-0455;MDD snack;12 pallet/mese;EN;Media;20/05/2026;Silvia Bertoldi;Carrefour ma Polonia - coordinare con il dossier Dubois Francia, stessa insegna due buyer. NON mandare listini diversi ai due
08/05/2026;14:35;Gerd;Hoffmann;Transgourmet Deutschland;DE;Riedstadt;Einkäufer;g.hoffmann@transgourmet.de;+49 6158 180;Ho.Re.Ca;AF-CR-0212, AF-FC-0330;foodservice DE;6 pallet/mese;EN;Media;22/05/2026;Silvia Bertoldi;foodservice tedesco, gruppo Coop CH - chiedere alla Baumann se si conoscono? no dai, tenere separati
08/05/2026;15:45;Romina;Tessari;Tessari Emporio;IT;Soave;Titolare;romina.tessari@emporiotessari.it;045 7681123;GDO;AF-FC-0330, AF-CR-0220;focaccina + bio;1 pallet/mese;IT;Bassa;30/05/2026;Paolo Zampieri;negozio gourmet in zona turistica, piccolo ma buona vetrina locale
08/05/2026;16:30;Anders;Berg;Norgesgruppen ASA;;Oslo;Category buyer;a.berg@norgesgruppen.no;+47 22 97 11 00;GDO;AF-CR-0212;croissant;5 pallet/mese;EN;Media;25/05/2026;Silvia Bertoldi;Norvegia = fuori UE, dazi e doc export come la Svizzera. Nel dossier nordics ma con asterisco
08/05/2026;17:10;Elia;Rampazzo;Rampazzo F.lli Ortofrutta e Alimentari;IT;Este;Socio;e.rampazzo@rampazzofratelli.it;0429 663312;Grossista;AF-SN-0450;;1 pallet/mese;IT;Bassa;;Paolo Zampieri;fa ortofrutta, vuole ampliare al forno. Boh
08/05/2026;17:35;Costanza;Meli;Meli Import Export;IT;Catania;Titolare;c.meli@meliimportexport.it;095 7712245;Importatore;AF-SN-0450, AF-CR-0212;per Malta e Nord Africa;2 pallet/mese;IT/EN;Media;25/05/2026;Silvia Bertoldi;esporta verso Malta, chiede anche lei halal per la Libia. SESTO lead halal della fiera, il dossier ormai si fa
