file;fatto;cartella_prevista;nota_padrona_prevista;lotto;stato
I_Fwd_Richiesta_relazione_48_ore_Tosano.eml;L'area che presidia il rapporto con i clienti della grande distribuzione di Aurora, le referenze a catalogo e gli obblighi contrattuali che scattano quando un prodotto ha un problema.;areas;area-commerciale;pilota;fatta
trascrizione_riunione_direzione_12_05_2026.txt;L'attività ricorrente con cui la proprietà e i responsabili di Aurora decidono: convocazioni, riunioni di direzione, scelte su blocchi di prodotto, investimenti e priorità di pagamento.;areas;area-direzione;pilota;fatta
inventario_magazzino_scadenze_FEFO_maggio.csv;L'area che presidia le giacenze di Aurora, la rotazione dei lotti in logica FEFO, la segregazione di ciò che non deve essere usato e le consegne ai centri di distribuzione.;areas;area-logistica;pilota;fatta
report_fermo_macchina_confezionatrice_MAP.txt;L'area che tiene in piedi gli impianti di Aurora: segnalazioni, fermi macchina, riparazioni d'emergenza e la gestione dei ricambi, sotto il capo officina Ivano Dal Maso.;areas;area-manutenzione;pilota;fatta
calcolo_sfrido_efficienza_OEE_linea_bakery.csv;L'area che governa le tre linee di Aurora, i turni e le rese: quanto si è prodotto, quanto è conforme e quanto tempo le macchine sono rimaste ferme.;areas;area-produzione;pilota;fatta
manuale_HACCP_Aurora_v4_2024_ESTRATTO_REALE.txt;L'area che governa il piano HACCP di Aurora, i quattro punti critici di controllo, le non conformità interne e i reclami dei consumatori, sotto la responsabilità della RSGQ Elena Marchetti.;areas;area-qualita;pilota;fatta
log_temperature_pastorizzatore_linea1_10_05_26.log;Il 10/05/2026 il PT-104 è rimasto sotto il limite critico di 72,0 °C al cuore dalle 14:20:07 alle 14:44:37 con un minimo di 68,9 °C: sulla finestra prevale il tracciato del datalogger, non le letture riprese dalla non conformità.;areas;fatto-deviazione-ccp2-l26130;pilota;fatta
manuale_HACCP_Aurora_v4_2024_ESTRATTO_REALE.txt;Il 10/05/2026 il PT-104 è rimasto sotto il limite critico di 72,0 °C al cuore dalle 14:20:07 alle 14:44:37 con un minimo di 68,9 °C: sulla finestra prevale il tracciato del datalogger, non le letture riprese dalla non conformità.;areas;fatto-deviazione-ccp2-l26130;pilota;fatta
non_conformita_interne_registro_2026.csv;Il 10/05/2026 il PT-104 è rimasto sotto il limite critico di 72,0 °C al cuore dalle 14:20:07 alle 14:44:37 con un minimo di 68,9 °C: sulla finestra prevale il tracciato del datalogger, non le letture riprese dalla non conformità.;areas;fatto-deviazione-ccp2-l26130;pilota;fatta
trascrizione_riunione_direzione_12_05_2026.txt;Il 10/05/2026 il PT-104 è rimasto sotto il limite critico di 72,0 °C al cuore dalle 14:20:07 alle 14:44:37 con un minimo di 68,9 °C: sulla finestra prevale il tracciato del datalogger, non le letture riprese dalla non conformità.;areas;fatto-deviazione-ccp2-l26130;pilota;fatta
report_fermo_macchina_confezionatrice_MAP.txt;Il 10/05/2026 alle 15:05 la valvola di iniezione azoto della PKM-450 si rompe e ferma la Linea 1 fino alle 18:45, per un totale di 3 ore e 40 minuti.;areas;fatto-fermo-pkm-450-l26130;pilota;fatta
non_conformita_interne_registro_2026.csv;Il 10/05/2026 alle 15:05 la valvola di iniezione azoto della PKM-450 si rompe e ferma la Linea 1 fino alle 18:45, per un totale di 3 ore e 40 minuti.;areas;fatto-fermo-pkm-450-l26130;pilota;fatta
calcolo_sfrido_efficienza_OEE_linea_bakery.csv;Il 10/05/2026 alle 15:05 la valvola di iniezione azoto della PKM-450 si rompe e ferma la Linea 1 fino alle 18:45, per un totale di 3 ore e 40 minuti.;areas;fatto-fermo-pkm-450-l26130;pilota;fatta
Verbale_ispezione_ATS_09_06_2026.pdf;Il 09/06/2026 il servizio di igiene degli alimenti ispeziona lo stabilimento e chiude con tre rilievi, due prescrizioni a termine e una diffida sul carrello ricambi tenuto a bordo della confezionatrice.;areas;fatto-ispezione-ats-carrello-ricambi;pilota;fatta
non_conformita_interne_registro_2026.csv;Il registro delle non conformità del 20/05/2026 registra come causa radice la «conferma origine interna» del frammento, ma il rapporto di prova che cita dichiara espressamente di non poter attribuire l'origine: prevale il rapporto, che è il documento citato.;areas;fatto-nc-102-origine-interna;pilota;fatta
Rapporto_di_Prova_AnalyticaVeneta_2026_04187.pdf;Il registro delle non conformità del 20/05/2026 registra come causa radice la «conferma origine interna» del frammento, ma il rapporto di prova che cita dichiara espressamente di non poter attribuire l'origine: prevale il rapporto, che è il documento citato.;areas;fatto-nc-102-origine-interna;pilota;fatta
non_conformita_interne_registro_2026.csv;Sul registro cartaceo del CCP2 del turno 2 del 10/05/2026 è annotato «74,5 conforme» mentre il datalogger segnava fino a 68,9 °C: fra i due prevale il datalogger, che è il monitoraggio in continuo previsto dal piano HACCP.;areas;fatto-registro-cartaceo-mod-qa-12;pilota;fatta
trascrizione_riunione_direzione_12_05_2026.txt;Sul registro cartaceo del CCP2 del turno 2 del 10/05/2026 è annotato «74,5 conforme» mentre il datalogger segnava fino a 68,9 °C: fra i due prevale il datalogger, che è il monitoraggio in continuo previsto dal piano HACCP.;areas;fatto-registro-cartaceo-mod-qa-12;pilota;fatta
manuale_HACCP_Aurora_v4_2024_ESTRATTO_REALE.txt;Sul registro cartaceo del CCP2 del turno 2 del 10/05/2026 è annotato «74,5 conforme» mentre il datalogger segnava fino a 68,9 °C: fra i due prevale il datalogger, che è il monitoraggio in continuo previsto dal piano HACCP.;areas;fatto-registro-cartaceo-mod-qa-12;pilota;fatta
log_temperature_pastorizzatore_linea1_10_05_26.log;Il piè di pagina dell'export del datalogger del 10/05/2026 riporta come minima la temperatura della sonda di camera invece di quella al cuore, e chiude dichiarando la verifica di integrità del file fallita.;areas;fatto-riepilogo-datalogger-inaffidabile;pilota;fatta
report_fermo_macchina_confezionatrice_MAP.txt;Il 10/05/2026 la valvola azoto della PKM-450 è stata rimessa in servizio con una guarnizione piana azzurra presa dal carrello ricambi tenuto a bordo linea, in attesa del kit originale atteso per il 15/05.;areas;fatto-riparazione-guarnizione-non-originale;pilota;fatta
R_ricambio_valvola_iniezione_azoto_PKM450_URGENTE.eml;Il 10/05/2026 la valvola azoto della PKM-450 è stata rimessa in servizio con una guarnizione piana azzurra presa dal carrello ricambi tenuto a bordo linea, in attesa del kit originale atteso per il 15/05.;areas;fatto-riparazione-guarnizione-non-originale;pilota;fatta
non_conformita_interne_registro_2026.csv;Il 10/05/2026 la valvola azoto della PKM-450 è stata rimessa in servizio con una guarnizione piana azzurra presa dal carrello ricambi tenuto a bordo linea, in attesa del kit originale atteso per il 15/05.;areas;fatto-riparazione-guarnizione-non-originale;pilota;fatta
log_temperature_pastorizzatore_linea1_10_05_26.log;Fra il riavvio delle 18:45:07 e le 19:08:07 il tracciato registra 33 letture al cuore sotto il limite critico, tutte con flag di normalità e senza alcun allarme, mentre il nastro è già a velocità di regime.;areas;fatto-risalita-termica-post-riavvio-l26130;pilota;fatta
trascrizione_riunione_direzione_12_05_2026.txt;Nella riunione di direzione del 13/05/2026 deviazione del CCP2, fermo macchina con guarnizione non originale e reclamo vengono per la prima volta messi in fila, e si decide all'unanimità il blocco dei lotti L26130 e L26131.;areas;fatto-riunione-direzione-reclamo-l26130;pilota;fatta
MOD-QA-07_10-05-26_L1_T2_scansione.jpg;Il modulo MOD-QA-07 del turno 2 del 10/05/2026 porta otto righe orarie: cinque verifiche conformi, una riga di macchina ferma, due barrate per linea ferma, una sola controfirma e la verifica di fine turno in bianco.;areas;fatto-verifiche-ccp3-turno-l26130;pilota;fatta
manuale_HACCP_Aurora_v4_2024_ESTRATTO_REALE.txt;Il modulo MOD-QA-07 del turno 2 del 10/05/2026 porta otto righe orarie: cinque verifiche conformi, una riga di macchina ferma, due barrate per linea ferma, una sola controfirma e la verifica di fine turno in bianco.;areas;fatto-verifiche-ccp3-turno-l26130;pilota;fatta
MOD-QA-31_reclamo_REC-2026-011.pdf;Il modulo MOD-QA-07 del turno 2 del 10/05/2026 porta otto righe orarie: cinque verifiche conformi, una riga di macchina ferma, due barrate per linea ferma, una sola controfirma e la verifica di fine turno in bianco.;areas;fatto-verifiche-ccp3-turno-l26130;pilota;fatta
report_fermo_macchina_confezionatrice_MAP.txt;Il rapporto di fermo macchina colloca la constatazione del capo officina alle 15:25, il quaderno del capoturno scrive «ariva ore 15.5O circa»: venticinque minuti di scarto su un fermo che l'archivio usa per calcolare l'efficienza del turno.;areas;questione-arrivo-officina-fermo-pkm-450;pilota;fatta
IMG-20260510-WA0007.jpg;"La foto del pannello mostra E-214 GAS alle 15:07 e il rapporto di fermo scrive AL-217 alle 15:05; il manuale del costruttore chiama A031 l'allarme di pressione gas: tre codifiche, e la tabella allarmi non esiste in archivio.";areas;questione-codice-allarme-pkm-450;pilota;fatta
report_fermo_macchina_confezionatrice_MAP.txt;"La foto del pannello mostra E-214 GAS alle 15:07 e il rapporto di fermo scrive AL-217 alle 15:05; il manuale del costruttore chiama A031 l'allarme di pressione gas: tre codifiche, e la tabella allarmi non esiste in archivio.";areas;questione-codice-allarme-pkm-450;pilota;fatta
report_fermo_macchina_confezionatrice_MAP.txt;Rapporto di fermo, corrispondenza del costruttore, manuale della macchina e piano di manutenzione chiamano lo stesso ricambio con quattro sigle incompatibili, e nessun documento dell'archivio ne mette due una accanto all'altra.;areas;questione-codice-ricambio-valvola-pkm-450;pilota;fatta
R_ricambio_valvola_iniezione_azoto_PKM450_URGENTE.eml;Rapporto di fermo, corrispondenza del costruttore, manuale della macchina e piano di manutenzione chiamano lo stesso ricambio con quattro sigle incompatibili, e nessun documento dell'archivio ne mette due una accanto all'altra.;areas;questione-codice-ricambio-valvola-pkm-450;pilota;fatta
certificato_analisi_lotto_farina_MV26_0429A.pdf;Il certificato del molino dichiara una consegna sfusa in autocisterna da 28.400 kg con un documento di trasporto, mentre mass balance e inventario di Aurora registrano sacchi da 25 kg con un documento di trasporto diverso.;areas;questione-consegna-farina-mv26-0429a;pilota;fatta
tracciabilita_lotti_massbalance_L26130.xlsx;Il certificato del molino dichiara una consegna sfusa in autocisterna da 28.400 kg con un documento di trasporto, mentre mass balance e inventario di Aurora registrano sacchi da 25 kg con un documento di trasporto diverso.;areas;questione-consegna-farina-mv26-0429a;pilota;fatta
inventario_magazzino_scadenze_FEFO_maggio.csv;Il certificato del molino dichiara una consegna sfusa in autocisterna da 28.400 kg con un documento di trasporto, mentre mass balance e inventario di Aurora registrano sacchi da 25 kg con un documento di trasporto diverso.;areas;questione-consegna-farina-mv26-0429a;pilota;fatta
Convocazione_riunione_direzione_12_05.eml;La convocazione fissa la riunione per il 12/05/2026 e la trascrizione la data 13/05: l'archivio non dice se quella del 12 sia stata rinviata o se se ne siano tenute due.;areas;questione-data-riunione-direzione;pilota;fatta
trascrizione_riunione_direzione_12_05_2026.txt;La convocazione fissa la riunione per il 12/05/2026 e la trascrizione la data 13/05: l'archivio non dice se quella del 12 sia stata rinviata o se se ne siano tenute due.;areas;questione-data-riunione-direzione;pilota;fatta
log_temperature_pastorizzatore_linea1_10_05_26.log;Il conteggio sulle righe del tracciato dà 24 minuti e 30 secondi, il piè di pagina dello stesso file dice 27 minuti circa e la non conformità interna ne dichiara 29: tre durate per la stessa finestra.;areas;questione-durata-deviazione-ccp2-l26130;pilota;fatta
non_conformita_interne_registro_2026.csv;Il conteggio sulle righe del tracciato dà 24 minuti e 30 secondi, il piè di pagina dello stesso file dice 27 minuti circa e la non conformità interna ne dichiara 29: tre durate per la stessa finestra.;areas;questione-durata-deviazione-ccp2-l26130;pilota;fatta
trascrizione_riunione_direzione_12_05_2026.txt;"Silicone, gomma e polimero fluorurato per la guarnizione provvisoria; PTFE, FKM ed EPDM per quella originale: sei attribuzioni di materiale su due pezzi, e nessuna fonte che le concili.";areas;questione-materiale-guarnizione-pkm-450;pilota;fatta
report_fermo_macchina_confezionatrice_MAP.txt;"Silicone, gomma e polimero fluorurato per la guarnizione provvisoria; PTFE, FKM ed EPDM per quella originale: sei attribuzioni di materiale su due pezzi, e nessuna fonte che le concili.";areas;questione-materiale-guarnizione-pkm-450;pilota;fatta
Rapporto_di_Prova_AnalyticaVeneta_2026_04187.pdf;"Silicone, gomma e polimero fluorurato per la guarnizione provvisoria; PTFE, FKM ed EPDM per quella originale: sei attribuzioni di materiale su due pezzi, e nessuna fonte che le concili.";areas;questione-materiale-guarnizione-pkm-450;pilota;fatta
R_ricambio_valvola_iniezione_azoto_PKM450_URGENTE.eml;"Silicone, gomma e polimero fluorurato per la guarnizione provvisoria; PTFE, FKM ed EPDM per quella originale: sei attribuzioni di materiale su due pezzi, e nessuna fonte che le concili.";areas;questione-materiale-guarnizione-pkm-450;pilota;fatta
certificato_analisi_lotto_farina_MV26_0429A.pdf;Tre documenti di Aurora danno tre termini minimi di conservazione diversi per lo stesso lotto di farina W300, e nessuno dei tre dichiara il criterio con cui è stato calcolato.;areas;questione-tmc-farina-mv26-0429a;pilota;fatta
tracciabilita_lotti_massbalance_L26130.xlsx;Tre documenti di Aurora danno tre termini minimi di conservazione diversi per lo stesso lotto di farina W300, e nessuno dei tre dichiara il criterio con cui è stato calcolato.;areas;questione-tmc-farina-mv26-0429a;pilota;fatta
inventario_magazzino_scadenze_FEFO_maggio.csv;Tre documenti di Aurora danno tre termini minimi di conservazione diversi per lo stesso lotto di farina W300, e nessuno dei tre dichiara il criterio con cui è stato calcolato.;areas;questione-tmc-farina-mv26-0429a;pilota;fatta
MOD-QA-07_10-05-26_L1_T2_scansione.jpg;"Il modulo originale scansionato registra cinque verifiche eseguite con le 16:00 e le 17:00 barrate; la trascrizione destinata alla cartella evidenze ne registra otto, comprese quelle barrate; il quaderno del capoturno ne dichiara due saltate: l'archivio non dice quale sia il documento buono.";areas;questione-verifiche-ccp3-10-05-tre-versioni;pilota;fatta
inventario_magazzino_scadenze_FEFO_maggio.csv;Criterio di rotazione del magazzino che fa uscire per primo il lotto con la scadenza più vicina, non quello arrivato per primo.;concepts;concetto-fefo;pilota;fatta
non_conformita_interne_registro_2026.csv;Criterio di rotazione del magazzino che fa uscire per primo il lotto con la scadenza più vicina, non quello arrivato per primo.;concepts;concetto-fefo;pilota;fatta
tracciabilita_lotti_massbalance_L26130.xlsx;La quadratura di rintracciabilità del lotto L26130 dichiara 8.940 pezzi prodotti a fronte di 7.940 rendicontati fra spedizioni, giacenze e distruzioni: mancano 1.000 pezzi, e il foglio non li spiega.;data;kpi-mass-balance-l26130;pilota;fatta
calcolo_sfrido_efficienza_OEE_linea_bakery.csv;Il turno 2 del 10/05/2026 su Linea 1 chiude con un'efficienza complessiva di 36,5 su 14.400 pezzi teorici, 5.580 prodotti e 5.250 conformi, con 220 minuti di fermo.;data;kpi-oee-l26130-l1-t2;pilota;fatta
report_fermo_macchina_confezionatrice_MAP.txt;Il turno 2 del 10/05/2026 su Linea 1 chiude con un'efficienza complessiva di 36,5 su 14.400 pezzi teorici, 5.580 prodotti e 5.250 conformi, con 220 minuti di fermo.;data;kpi-oee-l26130-l1-t2;pilota;fatta
tracciabilita_lotti_massbalance_L26130.xlsx;Il mass balance dichiara 8.940 pezzi prodotti, il foglio OEE ne conta 5.580 e il quaderno del capoturno ne annota 4.100 «+ quelo di T1»: tre fonti, tre perimetri, e nessun documento dichiara quale sia il perimetro di ciascuna.;data;questione-pezzi-prodotti-l26130;pilota;fatta
calcolo_sfrido_efficienza_OEE_linea_bakery.csv;Il mass balance dichiara 8.940 pezzi prodotti, il foglio OEE ne conta 5.580 e il quaderno del capoturno ne annota 4.100 «+ quelo di T1»: tre fonti, tre perimetri, e nessun documento dichiara quale sia il perimetro di ciascuna.;data;questione-pezzi-prodotti-l26130;pilota;fatta
report_fermo_macchina_confezionatrice_MAP.txt;Il rapporto di fermo macchina conta 348 confezioni scartate al solo riavvio, il foglio di efficienza ne registra 330 per l'intero turno: il numero riferito alla parte è maggiore di quello riferito al tutto.;data;questione-scarti-riavvio-l26130;pilota;fatta
calcolo_sfrido_efficienza_OEE_linea_bakery.csv;Il rapporto di fermo macchina conta 348 confezioni scartate al solo riavvio, il foglio di efficienza ne registra 330 per l'intero turno: il numero riferito alla parte è maggiore di quello riferito al tutto.;data;questione-scarti-riavvio-l26130;pilota;fatta
calcolo_sfrido_efficienza_OEE_linea_bakery.csv;"Il piano di produzione dichiara tempi ciclo di 1.250 pz/h per la Linea 1 e 780 per la Linea 2; il foglio OEE calcola i pezzi teorici su una velocità nominale che, divisa per le otto ore di turno, dà 1.800 e 1.200: nessuna fonte dichiara quale sia quella vera.";data;questione-velocita-nominali-linee;pilota;fatta
manuale_HACCP_Aurora_v4_2024_ESTRATTO_REALE.txt;Il piano HACCP di Aurora fissa per il CCP2 una temperatura al cuore di almeno 72,0 °C mantenuta per almeno 2 minuti, con set point di esercizio 74,0-76,0 °C, e prescrive in caso di deviazione il blocco del lotto.;docs;doc-ccp2-limite-critico;pilota;fatta
manuale_HACCP_Aurora_v4_2024_ESTRATTO_REALE.txt;Il manuale di autocontrollo porta tre indicazioni di revisione discordanti nello stesso documento: vale la revisione 5 dell'08/04/2026, come dichiara la matrice delle revisioni in ultima pagina.;docs;doc-manuale-haccp;pilota;fatta
Verbale_ispezione_ATS_09_06_2026.pdf;Il manuale di autocontrollo porta tre indicazioni di revisione discordanti nello stesso documento: vale la revisione 5 dell'08/04/2026, come dichiara la matrice delle revisioni in ultima pagina.;docs;doc-manuale-haccp;pilota;fatta
MOD-QA-31_reclamo_REC-2026-011.pdf;Responsabile qualità e team leader HACCP di Aurora, redattrice del manuale di autocontrollo, che apre il reclamo REC-2026-011 e conduce la gestione della vicenda del lotto L26130.;entities;entita-elena-marchetti;pilota;fatta
RE_RE_URGENTE_reclamo_corpo_estraneo_lotto_L26130.eml;Responsabile qualità e team leader HACCP di Aurora, redattrice del manuale di autocontrollo, che apre il reclamo REC-2026-011 e conduce la gestione della vicenda del lotto L26130.;entities;entita-elena-marchetti;pilota;fatta
manuale_HACCP_Aurora_v4_2024_ESTRATTO_REALE.txt;Responsabile qualità e team leader HACCP di Aurora, redattrice del manuale di autocontrollo, che apre il reclamo REC-2026-011 e conduce la gestione della vicenda del lotto L26130.;entities;entita-elena-marchetti;pilota;fatta
Verbale_ispezione_ATS_09_06_2026.pdf;Responsabile qualità e team leader HACCP di Aurora, redattrice del manuale di autocontrollo, che apre il reclamo REC-2026-011 e conduce la gestione della vicenda del lotto L26130.;entities;entita-elena-marchetti;pilota;fatta
report_fermo_macchina_confezionatrice_MAP.txt;Responsabile qualità e team leader HACCP di Aurora, redattrice del manuale di autocontrollo, che apre il reclamo REC-2026-011 e conduce la gestione della vicenda del lotto L26130.;entities;entita-elena-marchetti;pilota;fatta
report_fermo_macchina_confezionatrice_MAP.txt;Capo officina di Aurora, autore della segnalazione della valvola azoto l'08/05/2026 e della riparazione d'emergenza della PKM-450 del 10/05 con una guarnizione non originale.;entities;entita-ivano-dal-maso;pilota;fatta
R_ricambio_valvola_iniezione_azoto_PKM450_URGENTE.eml;Capo officina di Aurora, autore della segnalazione della valvola azoto l'08/05/2026 e della riparazione d'emergenza della PKM-450 del 10/05 con una guarnizione non originale.;entities;entita-ivano-dal-maso;pilota;fatta
non_conformita_interne_registro_2026.csv;Capo officina di Aurora, autore della segnalazione della valvola azoto l'08/05/2026 e della riparazione d'emergenza della PKM-450 del 10/05 con una guarnizione non originale.;entities;entita-ivano-dal-maso;pilota;fatta
I_Fwd_Richiesta_relazione_48_ore_Tosano.eml;Cliente della grande distribuzione per cui Aurora produce a marchio del distributore, che il 14/05/2026 chiede formalmente una relazione tecnica entro 48 ore sul lotto L26130.;entities;entita-tosano-cerea;pilota;fatta
tracciabilita_lotti_massbalance_L26130.xlsx;Cliente della grande distribuzione per cui Aurora produce a marchio del distributore, che il 14/05/2026 chiede formalmente una relazione tecnica entro 48 ore sul lotto L26130.;entities;entita-tosano-cerea;pilota;fatta
tracciabilita_lotti_massbalance_L26130.xlsx;Lotto prodotto domenica 10/05/2026 su Linea 1 turno 2, su cui convergono una deviazione del CCP2, una riparazione con ricambio non originale e il reclamo REC-2026-011.;entities;lotto-l26130;pilota;fatta
manuale_HACCP_Aurora_v4_2024_ESTRATTO_REALE.txt;Lotto prodotto domenica 10/05/2026 su Linea 1 turno 2, su cui convergono una deviazione del CCP2, una riparazione con ricambio non originale e il reclamo REC-2026-011.;entities;lotto-l26130;pilota;fatta
certificato_analisi_lotto_farina_MV26_0429A.pdf;Lotto di farina tipo 0 W300 macinato il 29/04/2026 e impiegato per 840 kg nell'impasto del lotto L26130, con certificato di analisi del fornitore agli atti.;entities;lotto-mv26-0429a;pilota;fatta
SKM_C224e26051412340.pdf;Lotto di farina tipo 0 W300 macinato il 29/04/2026 e impiegato per 840 kg nell'impasto del lotto L26130, con certificato di analisi del fornitore agli atti.;entities;lotto-mv26-0429a;pilota;fatta
tracciabilita_lotti_massbalance_L26130.xlsx;Lotto di farina tipo 0 W300 macinato il 29/04/2026 e impiegato per 840 kg nell'impasto del lotto L26130, con certificato di analisi del fornitore agli atti.;entities;lotto-mv26-0429a;pilota;fatta
inventario_magazzino_scadenze_FEFO_maggio.csv;Lotto di farina tipo 0 W300 macinato il 29/04/2026 e impiegato per 840 kg nell'impasto del lotto L26130, con certificato di analisi del fornitore agli atti.;entities;lotto-mv26-0429a;pilota;fatta
report_fermo_macchina_confezionatrice_MAP.txt;Confezionatrice in atmosfera protettiva della Linea 1, costruita da Pakmatic, la cui valvola di iniezione azoto si rompe il 10/05/2026 fermando la linea per 3 h 40 min.;entities;macchina-pkm-450;pilota;fatta
R_ricambio_valvola_iniezione_azoto_PKM450_URGENTE.eml;Confezionatrice in atmosfera protettiva della Linea 1, costruita da Pakmatic, la cui valvola di iniezione azoto si rompe il 10/05/2026 fermando la linea per 3 h 40 min.;entities;macchina-pkm-450;pilota;fatta
manuale_HACCP_Aurora_v4_2024_ESTRATTO_REALE.txt;Tunnel di trattamento termico della Linea 1 di Aurora, sul quale è fissato il punto critico di controllo CCP2 e il cui datalogger registra in continuo la temperatura al cuore del prodotto.;entities;macchina-pt-104;pilota;fatta
log_temperature_pastorizzatore_linea1_10_05_26.log;Tunnel di trattamento termico della Linea 1 di Aurora, sul quale è fissato il punto critico di controllo CCP2 e il cui datalogger registra in continuo la temperatura al cuore del prodotto.;entities;macchina-pt-104;pilota;fatta
MOD-QA-31_reclamo_REC-2026-011.pdf;La referenza di snack in atmosfera protettiva prodotta sulla Linea 1 di Aurora, venduta anche a marchio del distributore, sulla quale è aperto il reclamo REC-2026-011.;entities;prodotto-af-sn-0450;pilota;fatta
tracciabilita_lotti_massbalance_L26130.xlsx;La referenza di snack in atmosfera protettiva prodotta sulla Linea 1 di Aurora, venduta anche a marchio del distributore, sulla quale è aperto il reclamo REC-2026-011.;entities;prodotto-af-sn-0450;pilota;fatta
I_Fwd_Richiesta_relazione_48_ore_Tosano.eml;La referenza di snack in atmosfera protettiva prodotta sulla Linea 1 di Aurora, venduta anche a marchio del distributore, sulla quale è aperto il reclamo REC-2026-011.;entities;prodotto-af-sn-0450;pilota;fatta
I_Fwd_Richiesta_relazione_48_ore_Tosano.eml;Fra il 12 e il 14/05/2026 Aurora blocca in via cautelativa i lotti L26130 e L26131, per circa 8.400 confezioni di cui 5.100 già a scaffale, con un costo di ritiro stimato in 31.500 euro.;projects;fatto-blocco-cautelativo-lotti;pilota;fatta
MOD-QA-31_reclamo_REC-2026-011.pdf;Fra il 12 e il 14/05/2026 Aurora blocca in via cautelativa i lotti L26130 e L26131, per circa 8.400 confezioni di cui 5.100 già a scaffale, con un costo di ritiro stimato in 31.500 euro.;projects;fatto-blocco-cautelativo-lotti;pilota;fatta
RE_RE_URGENTE_reclamo_corpo_estraneo_lotto_L26130.eml;Fra il 12 e il 14/05/2026 Aurora blocca in via cautelativa i lotti L26130 e L26131, per circa 8.400 confezioni di cui 5.100 già a scaffale, con un costo di ritiro stimato in 31.500 euro.;projects;fatto-blocco-cautelativo-lotti;pilota;fatta
trascrizione_riunione_direzione_12_05_2026.txt;Fra il 12 e il 14/05/2026 Aurora blocca in via cautelativa i lotti L26130 e L26131, per circa 8.400 confezioni di cui 5.100 già a scaffale, con un costo di ritiro stimato in 31.500 euro.;projects;fatto-blocco-cautelativo-lotti;pilota;fatta
tracciabilita_lotti_massbalance_L26130.xlsx;Fra il 12 e il 14/05/2026 Aurora blocca in via cautelativa i lotti L26130 e L26131, per circa 8.400 confezioni di cui 5.100 già a scaffale, con un costo di ritiro stimato in 31.500 euro.;projects;fatto-blocco-cautelativo-lotti;pilota;fatta
Rapporto_di_Prova_AnalyticaVeneta_2026_04187.pdf;Il rapporto di prova del 22/05/2026 stabilisce che il frammento è un polimero fluorurato compatibile con PTFE o gomma FKM, non metallico, e dichiara espressamente che attribuirne l'origine esula dalle prove richieste.;projects;fatto-esito-laboratorio-frammento;pilota;fatta
Scansione_20260518_0003.pdf;Il rapporto di prova del 22/05/2026 stabilisce che il frammento è un polimero fluorurato compatibile con PTFE o gomma FKM, non metallico, e dichiara espressamente che attribuirne l'origine esula dalle prove richieste.;projects;fatto-esito-laboratorio-frammento;pilota;fatta
MOD-QA-31_reclamo_REC-2026-011.pdf;La misura verbalizzata sulla scheda del reclamo è dichiarata come stima ricavata dalla fotografia, ma la fotografia stessa, letta sul riferimento metrico, restituisce dimensioni diverse: sul dato verbalizzato prevale la foto.;projects;fatto-misura-frammento-rec-2026-011;pilota;fatta
IMG_20260514_152241_frammento_REC-2026-011.jpg;La misura verbalizzata sulla scheda del reclamo è dichiarata come stima ricavata dalla fotografia, ma la fotografia stessa, letta sul riferimento metrico, restituisce dimensioni diverse: sul dato verbalizzato prevale la foto.;projects;fatto-misura-frammento-rec-2026-011;pilota;fatta
I_Fwd_Richiesta_relazione_48_ore_Tosano.eml;Il 14/05/2026 la funzione qualità del cliente attiva l'articolo dell'accordo quadro e chiede per iscritto una relazione tecnica entro 48 ore, elencando quattro contenuti obbligatori e richiamando la clausola risolutiva espressa.;projects;fatto-richiesta-relazione-48-ore;pilota;fatta
MOD-QA-31_reclamo_REC-2026-011.pdf;La pratica aperta a maggio 2026 su segnalazione di una consumatrice che ha trovato un frammento di plastica azzurra in uno snack del lotto L26130, classificata Classe 2 e non ancora chiusa.;projects;progetto-gestione-reclamo-rec-2026-011;pilota;fatta
RE_RE_URGENTE_reclamo_corpo_estraneo_lotto_L26130.eml;La pratica aperta a maggio 2026 su segnalazione di una consumatrice che ha trovato un frammento di plastica azzurra in uno snack del lotto L26130, classificata Classe 2 e non ancora chiusa.;projects;progetto-gestione-reclamo-rec-2026-011;pilota;fatta
MOD-QA-31_reclamo_REC-2026-011.pdf;La scheda del reclamo data l'apertura al 12/05/2026, mentre la mail e la riunione del 13/05 la collocano quella mattina: l'archivio non dichiara quale delle due sia la data di registrazione.;projects;questione-data-apertura-rec-2026-011;pilota;fatta
RE_RE_URGENTE_reclamo_corpo_estraneo_lotto_L26130.eml;La scheda del reclamo data l'apertura al 12/05/2026, mentre la mail e la riunione del 13/05 la collocano quella mattina: l'archivio non dichiara quale delle due sia la data di registrazione.;projects;questione-data-apertura-rec-2026-011;pilota;fatta
trascrizione_riunione_direzione_12_05_2026.txt;La scheda del reclamo data l'apertura al 12/05/2026, mentre la mail e la riunione del 13/05 la collocano quella mattina: l'archivio non dichiara quale delle due sia la data di registrazione.;projects;questione-data-apertura-rec-2026-011;pilota;fatta
Rapporto_di_Prova_AnalyticaVeneta_2026_04187.pdf;Il laboratorio misura il frammento in 9,2 x 4,1 x 1,8 mm con strumento su campione fisico, mentre la fotografia con riferimento metrico ne restituisce uno più corto e più largo: l'archivio non spiega la differenza.;projects;questione-misura-frammento-strumentale;pilota;fatta
IMG_20260514_152241_frammento_REC-2026-011.jpg;Il laboratorio misura il frammento in 9,2 x 4,1 x 1,8 mm con strumento su campione fisico, mentre la fotografia con riferimento metrico ne restituisce uno più corto e più largo: l'archivio non spiega la differenza.;projects;questione-misura-frammento-strumentale;pilota;fatta
lettera_risposta_Tosano_reclamo_BOZZA_v3.docx;Terza stesura della lettera di riscontro al cliente sul reclamo, marcata «NON INVIARE» e conservata con i commenti di revisione ancora dentro: nessuna versione trasmessa risulta in archivio.;workspace;bozza-lettera-tosano-reclamo;pilota;fatta
checklist_metal_detector_manuale_operaio.txt;Alle 10:05 del 06/05/2026 la verifica CCP3 del turno 1 registra l'allarme acustico del MD-3200 come «basso??»: segnalato al capo officina, il volume è sistemato entro la verifica successiva delle 11:00.;areas;fatto-allarme-acustico-md-3200-basso;1a;fatta
manuale_uso_manutenzione_PKM450_estratto.pdf;Il manuale della PKM-450 vieta l'uso di guarnizioni diverse dall'originale e dichiara che quelle commerciali non garantiscono tenuta né idoneità al contatto con alimenti e possono frammentarsi nella sede: è scritto nel manuale della macchina riparata il 10/05 con una guarnizione non originale.;areas;fatto-avvertenza-costruttore-guarnizioni-non-originali;1a;fatta
scheda_manutenzione_ordinaria_forni_industrial.csv;Il metal detector della Linea 3 ha la convalida annuale del costruttore scaduta dal 03/04/2026 e la qualità l'ha sollecitata due volte senza esito: è un punto critico di controllo su una linea diversa da quella del reclamo.;areas;fatto-convalida-md-1800-scaduta;1a;fatta
appunti_capoturno_quaderno_linea1_OCR.txt;Confermata la perdita dalla valvola di iniezione azoto e ordinato il ricambio originale con consegna al 15/05, una riunione di reparto dell'08/05 decide di andare avanti fino all'arrivo del pezzo, motivandolo con la promo e la domenica già programmata: verbale non fatto, decisione a voce.;areas;fatto-decisione-proseguire-valvola-08-05;1a;fatta
appunti_capoturno_quaderno_linea1_OCR.txt;"Il 05/05/2026 la zona 2 del forno tunnel FT-01 si ferma a 198 °C contro i 210 richiesti; il capo officina attribuisce la causa al bruciatore sporco, lo pulisce e la linea riparte alle 15:20 dopo 40 minuti di fermo registrati su MOD-PR-04.";areas;fatto-fermo-forno-ft-01-05-05;1a;fatta
scheda_manutenzione_ordinaria_forni_industrial.csv;"Il 05/05/2026 la zona 2 del forno tunnel FT-01 si ferma a 198 °C contro i 210 richiesti; il capo officina attribuisce la causa al bruciatore sporco, lo pulisce e la linea riparte alle 15:20 dopo 40 minuti di fermo registrati su MOD-PR-04.";areas;fatto-fermo-forno-ft-01-05-05;1a;fatta
appunti_capoturno_quaderno_linea1_OCR.txt;Il 10/05/2026 alle 15:05 la valvola di iniezione azoto della PKM-450 si rompe e ferma la Linea 1 fino alle 18:45, per un totale di 3 ore e 40 minuti.;areas;fatto-fermo-pkm-450-l26130;1a;fatta
checklist_metal_detector_manuale_operaio.txt;Il giorno dopo il turno del lotto L26130 la responsabile qualità impone il controllo di tutte le seconde firme a fine turno, e le firme mancanti crollano dall'81% al 19%: la misura correttiva della NC di audit entra in vigore nei fatti solo allora.;areas;fatto-giro-di-vite-seconde-firme-ccp3;1a;fatta
appunti_capoturno_quaderno_linea1_OCR.txt;Il giorno dopo il turno del lotto L26130 la responsabile qualità impone il controllo di tutte le seconde firme a fine turno, e le firme mancanti crollano dall'81% al 19%: la misura correttiva della NC di audit entra in vigore nei fatti solo allora.;areas;fatto-giro-di-vite-seconde-firme-ccp3;1a;fatta
scheda_manutenzione_ordinaria_forni_industrial.csv;Il piano di manutenzione della PKM-450 prevede la sostituzione semestrale della guarnizione della valvola di iniezione azoto: l'ultima è del 12/07/2025 e la scadenza era il 12/01/2026, quattro mesi prima del guasto del 10/05, ferma per mancanza del ricambio.;areas;fatto-guarnizione-pkm-450-manutenzione-scaduta;1a;fatta
manuale_uso_manutenzione_PKM450_estratto.pdf;Il piano di manutenzione della PKM-450 prevede la sostituzione semestrale della guarnizione della valvola di iniezione azoto: l'ultima è del 12/07/2025 e la scadenza era il 12/01/2026, quattro mesi prima del guasto del 10/05, ferma per mancanza del ricambio.;areas;fatto-guarnizione-pkm-450-manutenzione-scaduta;1a;fatta
scheda_manutenzione_ordinaria_forni_industrial.csv;La scheda di manutenzione motiva per iscritto il rinvio di tre voci con la produzione per il cliente principale, e una quarta con i turni domenicali della promo: la promo sposta la manutenzione preventiva, e il file lo dichiara.;areas;fatto-manutenzioni-rimandate-per-promo;1a;fatta
test_shelf_life_accelerata_confezione_MAP_snack.csv;"Le prove di shelf life sul lotto del 10/05 mostrano l'ossigeno residuo salire da 0,9% a 14,0% in novanta giorni contro 1,9% del lotto di riferimento; una prova in vasca con blu di metilene su dieci buste trova tre microperdite sulla saldatura longitudinale.";areas;fatto-microperdite-saldatura-l26130;1a;fatta
test_shelf_life_accelerata_confezione_MAP_snack.csv;"La prova a 30 °C sul lotto dell'08/05 chiude NON CONFORME a 45 giorni con muffe visibili su due confezioni su sei, solo in quelle con ossigeno residuo anomalo; la ripetizione su un lotto successivo non conferma il difetto.";areas;fatto-muffe-l26128-45-giorni;1a;fatta
checklist_metal_detector_manuale_operaio.txt;"La prova a 30 °C sul lotto dell'08/05 chiude NON CONFORME a 45 giorni con muffe visibili su due confezioni su sei, solo in quelle con ossigeno residuo anomalo; la ripetizione su un lotto successivo non conferma il difetto.";areas;fatto-muffe-l26128-45-giorni;1a;fatta
appunti_capoturno_quaderno_linea1_OCR.txt;"La prova a 30 °C sul lotto dell'08/05 chiude NON CONFORME a 45 giorni con muffe visibili su due confezioni su sei, solo in quelle con ossigeno residuo anomalo; la ripetizione su un lotto successivo non conferma il difetto.";areas;fatto-muffe-l26128-45-giorni;1a;fatta
appunti_capoturno_quaderno_linea1_OCR.txt;Sul turno del lotto L26130 lavora un neoassunto formato dal capoturno in dieci minuti e privo del corso HACCP, ed è lui a compilare il MOD-QA-12 del pastorizzatore: il corso lo farà l'11/05, il giorno dopo.;areas;fatto-operatore-senza-formazione-haccp-l26130;1a;fatta
checklist_metal_detector_manuale_operaio.txt;Quattro operatori si alternano sui tre turni di Linea 1 — Meggiolaro T1, Visentin T2, Ferrarin T3, Baraldo come sostituto — mentre due sigle di seconda firma, DB ed EC, restano non risolte perché nessun documento in archivio le scioglie.;areas;fatto-operatori-ccp3-linea1-maggio;1a;fatta
appunti_capoturno_quaderno_linea1_OCR.txt;Quattro operatori si alternano sui tre turni di Linea 1 — Meggiolaro T1, Visentin T2, Ferrarin T3, Baraldo come sostituto — mentre due sigle di seconda firma, DB ed EC, restano non risolte perché nessun documento in archivio le scioglie.;areas;fatto-operatori-ccp3-linea1-maggio;1a;fatta
piano_produzione_settimanale_sett19_21.xlsx;Quattro operatori si alternano sui tre turni di Linea 1 — Meggiolaro T1, Visentin T2, Ferrarin T3, Baraldo come sostituto — mentre due sigle di seconda firma, DB ed EC, restano non risolte perché nessun documento in archivio le scioglie.;areas;fatto-operatori-ccp3-linea1-maggio;1a;fatta
piano_produzione_settimanale_sett19_21.xlsx;Il piano del responsabile produzione per le settimane dal 04 al 24/05/2026: assegna Linea 1 e 3 su un turno o due nei feriali e la sola Linea 2 alle tre domeniche della promo, con le colonne di saturazione e scoperto mai calcolate.;areas;fatto-piano-produzione-sett19-21;1a;fatta
appunti_capoturno_quaderno_linea1_OCR.txt;Il capoturno stima in 800-900 pezzi il prodotto uscito durante la deviazione del CCP2 del 10/05, scrive di non sapere se andasse segregato e rimanda la domanda al lunedì: nessun documento dell'archivio dice che una segregazione sia mai avvenuta.;areas;fatto-prodotto-non-segregato-deviazione-ccp2;1a;fatta
appunti_capoturno_quaderno_linea1_OCR.txt;Quaderno personale tenuto a mano dal capoturno del turno 2 di Linea 1 e scansionato in OCR degradato: copre nove giornate dal 04 al 12/05/2026 ed è l'unica fonte che racconta il turno del lotto L26130 dall'interno.;areas;fatto-quaderno-capoturno-linea1;1a;fatta
test_shelf_life_accelerata_confezione_MAP_snack.csv;Sullo stesso lotto e alla stessa temperatura, la replica A arriva a 14,0% di ossigeno residuo a 90 giorni e la replica B a 4,4%: le microperdite riguardano una parte delle confezioni, non tutte, e il file lo mostra senza commentarlo.;areas;fatto-repliche-shelf-life-l26130-divergenti;1a;fatta
manuale_uso_manutenzione_PKM450_estratto.pdf;Il manuale del costruttore impone di conservare i ricambi in luogo pulito e asciutto, nelle confezioni originali sigillate e fuori dalle aree di produzione: è la stessa prescrizione della non conformità di audit e della diffida sanitaria, ma scritta da un terzo soggetto e già in azienda dal 2018.;areas;fatto-ricambi-fuori-area-produzione-manuale-pkm;1a;fatta
scheda_manutenzione_ordinaria_forni_industrial.csv;Il manuale del costruttore impone di conservare i ricambi in luogo pulito e asciutto, nelle confezioni originali sigillate e fuori dalle aree di produzione: è la stessa prescrizione della non conformità di audit e della diffida sanitaria, ma scritta da un terzo soggetto e già in azienda dal 2018.;areas;fatto-ricambi-fuori-area-produzione-manuale-pkm;1a;fatta
scheda_manutenzione_ordinaria_forni_industrial.csv;A metà file una riga di riepilogo dichiara 7 interventi scaduti e 8 rimandati, ma le righe del file stesso ne danno 11 e 7: nessuna lettura del perimetro, nemmeno la più benevola, restituisce quei due numeri.;areas;fatto-riepilogo-manutenzione-non-quadra;1a;fatta
scheda_manutenzione_ordinaria_forni_industrial.csv;Il piano di manutenzione registra la taratura delle sonde di camera del pastorizzatore al 09/02/2026 con scadenza 09/08/2026 e quella della sonda a cuore al 16/03/2026 con scadenza 16/06/2026, entrambe eseguite da laboratorio esterno: al 10/05 erano valide.;areas;fatto-sonde-pt-104-in-taratura;1a;fatta
scheda_manutenzione_ordinaria_forni_industrial.csv;Il piano di manutenzione registra la revisione annuale della valvola modulante vapore VM-2 del pastorizzatore scaduta il 10/04/2026 e rimandata due volte, con annotate «oscillazioni in regolazione»: un mese prima della deviazione del CCP2 del 10/05.;areas;fatto-valvola-modulante-pt-104-revisione-rimandata;1a;fatta
appunti_capoturno_quaderno_linea1_OCR.txt;Il piano di manutenzione registra la revisione annuale della valvola modulante vapore VM-2 del pastorizzatore scaduta il 10/04/2026 e rimandata due volte, con annotate «oscillazioni in regolazione»: un mese prima della deviazione del CCP2 del 10/05.;areas;fatto-valvola-modulante-pt-104-revisione-rimandata;1a;fatta
appunti_capoturno_quaderno_linea1_OCR.txt;Il rapporto di fermo macchina colloca la constatazione del capo officina alle 15:25, il quaderno del capoturno scrive «ariva ore 15.5O circa»: venticinque minuti di scarto su un fermo che l'archivio usa per calcolare l'efficienza del turno.;areas;questione-arrivo-officina-fermo-pkm-450;1a;fatta
manuale_uso_manutenzione_PKM450_estratto.pdf;"La foto del pannello mostra E-214 GAS alle 15:07 e il rapporto di fermo scrive AL-217 alle 15:05; il manuale del costruttore chiama A031 l'allarme di pressione gas: tre codifiche, e la tabella allarmi non esiste in archivio.";areas;questione-codice-allarme-pkm-450;1a;fatta
manuale_uso_manutenzione_PKM450_estratto.pdf;Rapporto di fermo, corrispondenza del costruttore, manuale della macchina e piano di manutenzione chiamano lo stesso ricambio con quattro sigle incompatibili, e nessun documento dell'archivio ne mette due una accanto all'altra.;areas;questione-codice-ricambio-valvola-pkm-450;1a;fatta
scheda_manutenzione_ordinaria_forni_industrial.csv;Rapporto di fermo, corrispondenza del costruttore, manuale della macchina e piano di manutenzione chiamano lo stesso ricambio con quattro sigle incompatibili, e nessun documento dell'archivio ne mette due una accanto all'altra.;areas;questione-codice-ricambio-valvola-pkm-450;1a;fatta
piano_produzione_settimanale_sett19_21.xlsx;Il piano della settimana 19 assegna la domenica 10/05 alla sola Linea 2, ma quaderno di linea, modulo del metal detector e foglio OEE registrano tre turni di Linea 1 quel giorno: l'archivio non dice chi abbia deciso di aggiungerli.;areas;questione-linea1-domenica-10-05-fuori-piano;1a;fatta
appunti_capoturno_quaderno_linea1_OCR.txt;Il piano della settimana 19 assegna la domenica 10/05 alla sola Linea 2, ma quaderno di linea, modulo del metal detector e foglio OEE registrano tre turni di Linea 1 quel giorno: l'archivio non dice chi abbia deciso di aggiungerli.;areas;questione-linea1-domenica-10-05-fuori-piano;1a;fatta
checklist_metal_detector_manuale_operaio.txt;Il piano della settimana 19 assegna la domenica 10/05 alla sola Linea 2, ma quaderno di linea, modulo del metal detector e foglio OEE registrano tre turni di Linea 1 quel giorno: l'archivio non dice chi abbia deciso di aggiungerli.;areas;questione-linea1-domenica-10-05-fuori-piano;1a;fatta
manuale_uso_manutenzione_PKM450_estratto.pdf;"Silicone, gomma e polimero fluorurato per la guarnizione provvisoria; PTFE, FKM ed EPDM per quella originale: sei attribuzioni di materiale su due pezzi, e nessuna fonte che le concili.";areas;questione-materiale-guarnizione-pkm-450;1a;fatta
scheda_manutenzione_ordinaria_forni_industrial.csv;"Silicone, gomma e polimero fluorurato per la guarnizione provvisoria; PTFE, FKM ed EPDM per quella originale: sei attribuzioni di materiale su due pezzi, e nessuna fonte che le concili.";areas;questione-materiale-guarnizione-pkm-450;1a;fatta
checklist_metal_detector_manuale_operaio.txt;Un test del metal detector fallito alla prima prova e ripetuto con esito positivo è registrato dalla trascrizione del MOD-QA-07 il 05/05 alle 17:00 e dal quaderno del capoturno il 07/05 alle 18:00, dove il modulo dà invece esito regolare.;areas;questione-tassello-inox-non-passato;1a;fatta
appunti_capoturno_quaderno_linea1_OCR.txt;Un test del metal detector fallito alla prima prova e ripetuto con esito positivo è registrato dalla trascrizione del MOD-QA-07 il 05/05 alle 17:00 e dal quaderno del capoturno il 07/05 alle 18:00, dove il modulo dà invece esito regolare.;areas;questione-tassello-inox-non-passato;1a;fatta
checklist_metal_detector_manuale_operaio.txt;"Il modulo originale scansionato registra cinque verifiche eseguite con le 16:00 e le 17:00 barrate; la trascrizione destinata alla cartella evidenze ne registra otto, comprese quelle barrate; il quaderno del capoturno ne dichiara due saltate: l'archivio non dice quale sia il documento buono.";areas;questione-verifiche-ccp3-10-05-tre-versioni;1a;fatta
appunti_capoturno_quaderno_linea1_OCR.txt;"Il modulo originale scansionato registra cinque verifiche eseguite con le 16:00 e le 17:00 barrate; la trascrizione destinata alla cartella evidenze ne registra otto, comprese quelle barrate; il quaderno del capoturno ne dichiara due saltate: l'archivio non dice quale sia il documento buono.";areas;questione-verifiche-ccp3-10-05-tre-versioni;1a;fatta
Scheda_tecnica_prodotto_AF-SN-0450_rev4.pdf;Tecnica di confezionamento che sostituisce l'aria dentro la confezione con una miscela di gas alimentari — in Aurora azoto 70 % e anidride carbonica 30 % — per rallentare l'ossidazione e la crescita microbica.;concepts;concetto-atmosfera-protettiva;1a;fatta
manuale_uso_manutenzione_PKM450_estratto.pdf;Tecnica di confezionamento che sostituisce l'aria dentro la confezione con una miscela di gas alimentari — in Aurora azoto 70 % e anidride carbonica 30 % — per rallentare l'ossidazione e la crescita microbica.;concepts;concetto-atmosfera-protettiva;1a;fatta
Scheda_tecnica_prodotto_AF-SN-0450_rev4.pdf;La fase del processo in cui si può applicare un controllo essenziale a prevenire o ridurre a un livello accettabile un pericolo per la sicurezza alimentare, con un limite critico misurabile e una registrazione.;concepts;concetto-ccp;1a;fatta
checklist_metal_detector_manuale_operaio.txt;La fase del processo in cui si può applicare un controllo essenziale a prevenire o ridurre a un livello accettabile un pericolo per la sicurezza alimentare, con un limite critico misurabile e una registrazione.;concepts;concetto-ccp;1a;fatta
test_shelf_life_accelerata_confezione_MAP_snack.csv;"La durata per cui un alimento resta conforme alle sue specifiche nelle condizioni dichiarate; si stabilisce con prove a più temperature, dove le temperature alte servono a far invecchiare il prodotto più in fretta, non a simulare l'uso reale.";concepts;concetto-shelf-life;1a;fatta
Scheda_tecnica_prodotto_AF-SN-0450_rev4.pdf;"La durata per cui un alimento resta conforme alle sue specifiche nelle condizioni dichiarate; si stabilisce con prove a più temperature, dove le temperature alte servono a far invecchiare il prodotto più in fretta, non a simulare l'uso reale.";concepts;concetto-shelf-life;1a;fatta
scheda_manutenzione_ordinaria_forni_industrial.csv;La scheda di manutenzione registra 18 righe in stato SCADUTO o RIMANDATO su 112 righe di dato, corrispondenti a 16 voci distinte: quattro sono ferme per mancanza del ricambio e tre sono state rinviate esplicitamente per la produzione Tosano.;data;kpi-manutenzioni-arretrate-2026;1a;fatta
appunti_capoturno_quaderno_linea1_OCR.txt;Il quaderno del capoturno registra la produzione giornaliera del turno 2: fra 5.840 e 6.420 pezzi nelle giornate regolari, contro i 4.100 della domenica 10/05, il giorno del fermo della confezionatrice.;data;kpi-produzione-0450-linea1-maggio;1a;fatta
checklist_metal_detector_manuale_operaio.txt;Il quaderno del capoturno registra la produzione giornaliera del turno 2: fra 5.840 e 6.420 pezzi nelle giornate regolari, contro i 4.100 della domenica 10/05, il giorno del fermo della confezionatrice.;data;kpi-produzione-0450-linea1-maggio;1a;fatta
checklist_metal_detector_manuale_operaio.txt;Su 195 verifiche orarie del metal detector trascritte fra il 04 e il 12/05/2026, 128 sono senza la seconda firma del capoturno: 119 su 147 prima dell'11/05 (81%) e 9 su 48 dall'11/05 in poi (19%).;data;kpi-seconde-firme-ccp3-maggio;1a;fatta
test_shelf_life_accelerata_confezione_MAP_snack.csv;Ventuno prove su quattro lotti e quattro temperature, con 171 righe di lettura: i lotti di riferimento restano conformi fino a 90 giorni a 20 e 25 °C, e la proposta di R&D è portare il TMC a sei mesi contro i 45 giorni della scheda tecnica.;data;kpi-shelf-life-af-sn-0450;1a;fatta
Scheda_tecnica_prodotto_AF-SN-0450_rev4.pdf;"Scheda tecnica e rapporto di prova del laboratorio accreditato concordano su aw ≈ 0,93 e umidità ≈ 32 g/100 g e dichiarano il prodotto conforme; il file delle prove di shelf life, sullo stesso articolo, misura aw 0,31 e umidità 5,6 %, e nessun documento spiega lo scarto.";data;questione-aw-umidita-af-sn-0450;1a;fatta
test_shelf_life_accelerata_confezione_MAP_snack.csv;"Scheda tecnica e rapporto di prova del laboratorio accreditato concordano su aw ≈ 0,93 e umidità ≈ 32 g/100 g e dichiarano il prodotto conforme; il file delle prove di shelf life, sullo stesso articolo, misura aw 0,31 e umidità 5,6 %, e nessun documento spiega lo scarto.";data;questione-aw-umidita-af-sn-0450;1a;fatta
Scheda_tecnica_prodotto_AF-SN-0450_rev4.pdf;La scheda tecnica prescrive un massimo dell'1,0 %, ma il registro delle non conformità e il quaderno di linea lavorano su un target del 2,0 %: il documento verso il cliente e la pratica interna usano due soglie che differiscono di un fattore due.;data;questione-limite-o2-residuo;1a;fatta
appunti_capoturno_quaderno_linea1_OCR.txt;La scheda tecnica prescrive un massimo dell'1,0 %, ma il registro delle non conformità e il quaderno di linea lavorano su un target del 2,0 %: il documento verso il cliente e la pratica interna usano due soglie che differiscono di un fattore due.;data;questione-limite-o2-residuo;1a;fatta
test_shelf_life_accelerata_confezione_MAP_snack.csv;La scheda tecnica prescrive un massimo dell'1,0 %, ma il registro delle non conformità e il quaderno di linea lavorano su un target del 2,0 %: il documento verso il cliente e la pratica interna usano due soglie che differiscono di un fattore due.;data;questione-limite-o2-residuo;1a;fatta
appunti_capoturno_quaderno_linea1_OCR.txt;Il mass balance dichiara 8.940 pezzi prodotti, il foglio OEE ne conta 5.580 e il quaderno del capoturno ne annota 4.100 «+ quelo di T1»: tre fonti, tre perimetri, e nessun documento dichiara quale sia il perimetro di ciascuna.;data;questione-pezzi-prodotti-l26130;1a;fatta
piano_produzione_settimanale_sett19_21.xlsx;"Il piano di produzione dichiara tempi ciclo di 1.250 pz/h per la Linea 1 e 780 per la Linea 2; il foglio OEE calcola i pezzi teorici su una velocità nominale che, divisa per le otto ore di turno, dà 1.800 e 1.200: nessuna fonte dichiara quale sia quella vera.";data;questione-velocita-nominali-linee;1a;fatta
checklist_metal_detector_manuale_operaio.txt;"Il piano di produzione dichiara tempi ciclo di 1.250 pz/h per la Linea 1 e 780 per la Linea 2; il foglio OEE calcola i pezzi teorici su una velocità nominale che, divisa per le otto ore di turno, dà 1.800 e 1.200: nessuna fonte dichiara quale sia quella vera.";data;questione-velocita-nominali-linee;1a;fatta
Scheda_tecnica_prodotto_AF-SN-0450_rev4.pdf;"La scheda tecnica rev. 4 prescrive O2 residuo obiettivo < 0,7 % e massimo 1,0 %, misurato su una confezione ogni 30 minuti e registrato sulla sezione gas del MOD-QA-12; è il parametro che rivela la tenuta della saldatura.";docs;doc-limite-o2-residuo-af-sn-0450;1a;fatta
checklist_metal_detector_manuale_operaio.txt;Il modulo che prescrive la verifica del CCP3 ogni 60 minuti più avvio e fine produzione, con i tre tasselli certificati, e che dal febbraio 2026 richiede la seconda firma del capoturno entro fine turno.;docs;doc-mod-qa-07;1a;fatta
Scheda_tecnica_prodotto_AF-SN-0450_rev4.pdf;Il modulo che prescrive la verifica del CCP3 ogni 60 minuti più avvio e fine produzione, con i tre tasselli certificati, e che dal febbraio 2026 richiede la seconda firma del capoturno entro fine turno.;docs;doc-mod-qa-07;1a;fatta
Scheda_tecnica_prodotto_AF-SN-0450_rev4.pdf;La scheda tecnica in vigore dal 03/03/2026, che annulla e sostituisce la rev. 3 del 21/06/2025: è il documento che Aurora consegna al cliente e che fissa ingredienti, limiti di processo, imballo e shelf life dello snack.;docs;doc-scheda-tecnica-af-sn-0450;1a;fatta
appunti_capoturno_quaderno_linea1_OCR.txt;Il capoturno che conduce il turno 2 della Linea 1 nel maggio 2026 e tiene a mano il quaderno di linea: firma «IP», è il testimone diretto del turno del lotto L26130, e il 12/05 annota che la responsabile qualità gli ha chiesto di portare il quaderno in ufficio.;entities;entita-ionut-popescu;1a;fatta
checklist_metal_detector_manuale_operaio.txt;Il capoturno che conduce il turno 2 della Linea 1 nel maggio 2026 e tiene a mano il quaderno di linea: firma «IP», è il testimone diretto del turno del lotto L26130, e il 12/05 annota che la responsabile qualità gli ha chiesto di portare il quaderno in ufficio.;entities;entita-ionut-popescu;1a;fatta
manuale_uso_manutenzione_PKM450_estratto.pdf;Il costruttore della confezionatrice flow-pack MAP di Linea 1, con sede a Bentivoglio (BO), che nel manuale della macchina vieta l'uso di guarnizioni non originali e avverte che possono frammentarsi nella sede.;entities;entita-pakmatic;1a;fatta
scheda_manutenzione_ordinaria_forni_industrial.csv;Il costruttore della confezionatrice flow-pack MAP di Linea 1, con sede a Bentivoglio (BO), che nel manuale della macchina vieta l'uso di guarnizioni non originali e avverte che possono frammentarsi nella sede.;entities;entita-pakmatic;1a;fatta
Scheda_tecnica_prodotto_AF-SN-0450_rev4.pdf;Il forno tunnel di Linea 1, a quattro zone di temperatura con bruciatore Weishaupt G7, dove il 05/05/2026 la zona 2 non raggiunge i 210 °C richiesti e la linea si ferma 40 minuti.;entities;macchina-ft-01;1a;fatta
scheda_manutenzione_ordinaria_forni_industrial.csv;Il forno tunnel di Linea 1, a quattro zone di temperatura con bruciatore Weishaupt G7, dove il 05/05/2026 la zona 2 non raggiunge i 210 °C richiesti e la linea si ferma 40 minuti.;entities;macchina-ft-01;1a;fatta
appunti_capoturno_quaderno_linea1_OCR.txt;Il forno tunnel di Linea 1, a quattro zone di temperatura con bruciatore Weishaupt G7, dove il 05/05/2026 la zona 2 non raggiunge i 210 °C richiesti e la linea si ferma 40 minuti.;entities;macchina-ft-01;1a;fatta
Scheda_tecnica_prodotto_AF-SN-0450_rev4.pdf;La linea che produce lo snack AF-SN-0450 in atmosfera protettiva, composta da forno tunnel FT-01, pastorizzatore PT-104 (CCP2), metal detector MD-3200 (CCP3) e confezionatrice PKM-450, su tre turni.;entities;macchina-linea-1;1a;fatta
appunti_capoturno_quaderno_linea1_OCR.txt;La linea che produce lo snack AF-SN-0450 in atmosfera protettiva, composta da forno tunnel FT-01, pastorizzatore PT-104 (CCP2), metal detector MD-3200 (CCP3) e confezionatrice PKM-450, su tre turni.;entities;macchina-linea-1;1a;fatta
piano_produzione_settimanale_sett19_21.xlsx;La linea che produce lo snack AF-SN-0450 in atmosfera protettiva, composta da forno tunnel FT-01, pastorizzatore PT-104 (CCP2), metal detector MD-3200 (CCP3) e confezionatrice PKM-450, su tre turni.;entities;macchina-linea-1;1a;fatta
Scheda_tecnica_prodotto_AF-SN-0450_rev4.pdf;Metal detector della Linea 1, posto fra il raffreddamento e il confezionamento secondo la scheda tecnica del prodotto: è il CCP3 del piano HACCP, con soglie Fe 2,0 / non-Fe 2,5 / AISI 316 3,0 mm e verifica ogni 60 minuti su MOD-QA-07.;entities;macchina-md-3200;1a;fatta
checklist_metal_detector_manuale_operaio.txt;Metal detector della Linea 1, posto fra il raffreddamento e il confezionamento secondo la scheda tecnica del prodotto: è il CCP3 del piano HACCP, con soglie Fe 2,0 / non-Fe 2,5 / AISI 316 3,0 mm e verifica ogni 60 minuti su MOD-QA-07.;entities;macchina-md-3200;1a;fatta
scheda_manutenzione_ordinaria_forni_industrial.csv;Metal detector della Linea 1, posto fra il raffreddamento e il confezionamento secondo la scheda tecnica del prodotto: è il CCP3 del piano HACCP, con soglie Fe 2,0 / non-Fe 2,5 / AISI 316 3,0 mm e verifica ogni 60 minuti su MOD-QA-07.;entities;macchina-md-3200;1a;fatta
Scheda_tecnica_prodotto_AF-SN-0450_rev4.pdf;La referenza di snack in atmosfera protettiva prodotta sulla Linea 1 di Aurora, venduta anche a marchio del distributore, sulla quale è aperto il reclamo REC-2026-011.;entities;prodotto-af-sn-0450;1a;fatta
